appearanceId,collectionKey,scope,route,modelPath,radius,width,depth,height,extentRatio,outlierReasons
200040,appearance.d1121.s22.c2.sc7,NONPUBLIC,OFFHAND_WEAPON,item\objectcomponents\weapon\sword_1h_machete_b_01.m2,0.723998,1.405818,0.061774,0.346942,22.757438,EXTREME_ASPECT_RATIO
200050,appearance.d1550.s21.c2.sc7,PUBLIC,MAINHAND,item\objectcomponents\weapon\sword_1h_long_a_02.m2,0.60358,1.207161,0.069523,0.275063,17.363477,EXTREME_ASPECT_RATIO
200052,appearance.d1628.s17.c2.sc8,NONPUBLIC,MAINHAND,item\objectcomponents\weapon\sword_2h_claymore_a_02.m2,0.847707,1.695374,0.069523,0.25976,24.3858,EXTREME_ASPECT_RATIO
200054,appearance.d1661.s17.c2.sc10,NONPUBLIC,MAINHAND,item\objectcomponents\weapon\misc_2h_broom_a_01.m2,1.016456,2.005708,0.066423,0.32934,30.195986,EXTREME_ASPECT_RATIO
200066,appearance.d1768.s17.c2.sc10,NONPUBLIC,MAINHAND,item\objectcomponents\weapon\stave_2h_long_a_03.m2,1.201561,2.403121,0.049566,0.056358,48.483255,EXTREME_ASPECT_RATIO
200071,appearance.d1926.s17.c2.sc10,NONPUBLIC,MAINHAND,item\objectcomponents\weapon\stave_2h_long_d_01.m2,1.217385,2.430926,0.10459,0.536933,23.242432,EXTREME_ASPECT_RATIO
200107,appearance.d2380.s17.c2.sc8,PUBLIC,MAINHAND,item\objectcomponents\weapon\sword_2h_claymore_a_01.m2,0.906324,1.812648,0.095631,0.396315,18.954607,EXTREME_ASPECT_RATIO
200108,appearance.d2388.s17.c2.sc10,NONPUBLIC,MAINHAND,item\objectcomponents\weapon\stave_2h_long_a_03.m2,1.201561,2.403121,0.049566,0.056358,48.483255,EXTREME_ASPECT_RATIO
200110,appearance.d2399.s17.c2.sc8,NONPUBLIC,MAINHAND,item\objectcomponents\weapon\sword_2h_claymore_a_02.m2,0.847707,1.695374,0.069523,0.25976,24.3858,EXTREME_ASPECT_RATIO
200135,appearance.d2786.s15.c2.sc2,NONPUBLIC,RANGED,item\objectcomponents\weapon\bow_1h_standard_a_01.m2,0.831831,1.429662,0.063541,0.550509,22.499835,EXTREME_ASPECT_RATIO
200136,appearance.d2787.s15.c2.sc2,PUBLIC,RANGED,item\objectcomponents\weapon\bow_1h_standard_a_01.m2,0.831831,1.429662,0.063541,0.550509,22.499835,EXTREME_ASPECT_RATIO
200158,appearance.d3092.s17.c2.sc8,NONPUBLIC,MAINHAND,item\objectcomponents\weapon\sword_2h_bastard_d_01.m2,0.958051,1.916102,0.099107,0.589121,19.33367,EXTREME_ASPECT_RATIO
200165,appearance.d3185.s15.c2.sc2,NONPUBLIC,RANGED,item\objectcomponents\weapon\bow_1h_standard_a_01.m2,0.831831,1.429662,0.063541,0.550509,22.499835,EXTREME_ASPECT_RATIO
200166,appearance.d3186.s15.c2.sc2,NONPUBLIC,RANGED,item\objectcomponents\weapon\bow_1h_standard_a_01.m2,0.831831,1.429662,0.063541,0.550509,22.499835,EXTREME_ASPECT_RATIO
200167,appearance.d3187.s15.c2.sc2,NONPUBLIC,RANGED,item\objectcomponents\weapon\bow_1h_standard_c_01.m2,1.062182,1.783298,0.063583,0.663696,28.046774,EXTREME_ASPECT_RATIO
200203,appearance.d3509.s17.c2.sc10,PUBLIC,MAINHAND,item\objectcomponents\weapon\misc_2h_broom_a_01.m2,1.016456,2.005708,0.066423,0.32934,30.195986,EXTREME_ASPECT_RATIO
200249,appearance.d4129.s17.c2.sc8,PUBLIC,MAINHAND,item\objectcomponents\weapon\sword_2h_claymore_b_01.m2,0.935075,1.87015,0.065926,0.359245,28.367412,EXTREME_ASPECT_RATIO
200254,appearance.d4291.s21.c2.sc8,NONPUBLIC,MAINHAND,item\objectcomponents\weapon\glave_1h_dualblade_c_01.m2,1.051915,2.057242,0.086785,0.440289,23.705041,EXTREME_ASPECT_RATIO
200270,appearance.d4426.s15.c2.sc2,PUBLIC,RANGED,item\objectcomponents\weapon\bow_1h_standard_c_02.m2,1.16304,1.976977,0.067398,0.617843,29.332873,EXTREME_ASPECT_RATIO
200275,appearance.d4441.s15.c2.sc2,NONPUBLIC,RANGED,item\objectcomponents\weapon\bow_1h_standard_b_02.m2,1.187731,1.958303,0.068972,0.763025,28.392725,EXTREME_ASPECT_RATIO
200327,appearance.d4802.s13.c2.sc7,NONPUBLIC,MAINHAND,item\objectcomponents\weapon\sword_1h_machete_b_01.m2,0.723998,1.405818,0.061774,0.346942,22.757438,EXTREME_ASPECT_RATIO
200335,appearance.d4909.s17.c2.sc8,NONPUBLIC,MAINHAND,item\objectcomponents\weapon\sword_2h_claymore_a_01.m2,0.906324,1.812648,0.095631,0.396315,18.954607,EXTREME_ASPECT_RATIO
200340,appearance.d4994.s17.c2.sc10,PUBLIC,MAINHAND,item\objectcomponents\weapon\stave_2h_long_a_03.m2,1.201561,2.403121,0.049566,0.056358,48.483255,EXTREME_ASPECT_RATIO
200341,appearance.d4995.s17.c2.sc10,PUBLIC,MAINHAND,item\objectcomponents\weapon\stave_2h_long_a_02.m2,1.28734,2.574679,0.097151,0.11021,26.501827,EXTREME_ASPECT_RATIO
200345,appearance.d5010.s17.c2.sc10,NONPUBLIC,MAINHAND,item\objectcomponents\weapon\stave_2h_other_a_01.m2,1.189521,2.376651,0.063879,0.148946,37.205514,EXTREME_ASPECT_RATIO
200349,appearance.d5040.s13.c2.sc7,PUBLIC,MAINHAND,item\objectcomponents\weapon\sword_1h_sabre_a_02.m2,0.580217,1.159211,0.066434,0.224464,17.449062,EXTREME_ASPECT_RATIO
200351,appearance.d5072.s23.c4.sc0,PUBLIC,HELD_IN_OFFHAND,item\objectcomponents\weapon\stave_2h_long_a_02.m2,1.28734,2.574679,0.097151,0.11021,26.501827,EXTREME_ASPECT_RATIO
200355,appearance.d5098.s17.c2.sc10,NONPUBLIC,MAINHAND,item\objectcomponents\weapon\stave_2h_long_b_01.m2,1.225709,2.451417,0.097104,0.110051,25.245273,EXTREME_ASPECT_RATIO
200362,appearance.d5125.s17.c2.sc8,NONPUBLIC,MAINHAND,item\objectcomponents\weapon\sword_2h_claymore_b_01.m2,0.935075,1.87015,0.065926,0.359245,28.367412,EXTREME_ASPECT_RATIO
200374,appearance.d5163.s13.c2.sc7,PUBLIC,MAINHAND,item\objectcomponents\weapon\sword_1h_long_b_02.m2,0.735474,1.470949,0.065926,0.359245,22.312123,EXTREME_ASPECT_RATIO
200375,appearance.d5165.s13.c2.sc7,PUBLIC,MAINHAND,item\objectcomponents\weapon\sword_1h_sabre_b_02.m2,0.663483,1.296368,0.073742,0.283322,17.579778,EXTREME_ASPECT_RATIO
200377,appearance.d5170.s13.c2.sc7,PUBLIC,MAINHAND,item\objectcomponents\weapon\sword_1h_long_a_03.m2,0.646229,1.292392,0.069523,0.312097,18.589416,EXTREME_ASPECT_RATIO
200378,appearance.d5175.s17.c2.sc8,NONPUBLIC,MAINHAND,item\objectcomponents\weapon\sword_2h_broadsword_a_01.m2,0.897979,1.795958,0.101721,0.225879,17.655725,EXTREME_ASPECT_RATIO
200379,appearance.d5176.s17.c2.sc8,PUBLIC,MAINHAND,item\objectcomponents\weapon\sword_2h_claymore_a_01.m2,0.906324,1.812648,0.095631,0.396315,18.954607,EXTREME_ASPECT_RATIO
200380,appearance.d5193.s17.c2.sc8,PUBLIC,MAINHAND,item\objectcomponents\weapon\sword_2h_korean_c_01.m2,0.900143,1.791861,0.103375,0.180499,17.333601,EXTREME_ASPECT_RATIO
200408,appearance.d5289.s17.c2.sc17,NONPUBLIC,MAINHAND,item\objectcomponents\weapon\polearm_2h_bladed_a_02.m2,1.096531,2.193062,0.081019,0.275417,27.06849,EXTREME_ASPECT_RATIO
200412,appearance.d5392.s15.c2.sc2,PUBLIC,RANGED,item\objectcomponents\weapon\bow_1h_standard_a_02.m2,0.837893,1.429661,0.063541,0.482314,22.499819,EXTREME_ASPECT_RATIO
200419,appearance.d5417.s17.c2.sc10,NONPUBLIC,MAINHAND,item\objectcomponents\weapon\stave_2h_other_a_01.m2,1.189521,2.376651,0.063879,0.148946,37.205514,EXTREME_ASPECT_RATIO
200431,appearance.d5536.s17.c2.sc8,NONPUBLIC,MAINHAND,item\objectcomponents\weapon\sword_2h_broadsword_a_02.m2,1.063181,2.126363,0.127151,0.325943,16.723132,EXTREME_ASPECT_RATIO
200433,appearance.d5542.s17.c2.sc10,NONPUBLIC,MAINHAND,item\objectcomponents\weapon\stave_2h_jeweled_a_03.m2,0.993953,1.987906,0.113557,0.128324,17.505799,EXTREME_ASPECT_RATIO
200435,appearance.d5636.s17.c2.sc6,PUBLIC,MAINHAND,item\objectcomponents\weapon\polearm_2h_bladed_a_02.m2,1.096531,2.193062,0.081019,0.275417,27.06849,EXTREME_ASPECT_RATIO
200436,appearance.d5638.s17.c2.sc6,PUBLIC,MAINHAND,item\objectcomponents\weapon\polearm_2h_bladed_a_01.m2,1.1031,2.206199,0.121614,0.275417,18.140995,EXTREME_ASPECT_RATIO
200437,appearance.d5638.s17.c2.sc17,NONPUBLIC,MAINHAND,item\objectcomponents\weapon\polearm_2h_bladed_a_01.m2,1.1031,2.206199,0.121614,0.275417,18.140995,EXTREME_ASPECT_RATIO
200445,appearance.d5949.s17.c2.sc6,PUBLIC,MAINHAND,item\objectcomponents\weapon\misc_2h_harpoon_b_01.m2,1.14059,2.281167,0.085418,0.216081,26.705928,EXTREME_ASPECT_RATIO
200458,appearance.d6231.s15.c2.sc2,NONPUBLIC,RANGED,item\objectcomponents\weapon\bow_1h_standard_b_02.m2,1.187731,1.958303,0.068972,0.763025,28.392725,EXTREME_ASPECT_RATIO
200459,appearance.d6232.s15.c2.sc2,NONPUBLIC,RANGED,item\objectcomponents\weapon\bow_1h_standard_c_01.m2,1.062182,1.783298,0.063583,0.663696,28.046774,EXTREME_ASPECT_RATIO
200460,appearance.d6233.s15.c2.sc2,NONPUBLIC,RANGED,item\objectcomponents\weapon\bow_1h_standard_a_01.m2,0.831831,1.429662,0.063541,0.550509,22.499835,EXTREME_ASPECT_RATIO
200461,appearance.d6234.s15.c2.sc2,NONPUBLIC,RANGED,item\objectcomponents\weapon\bow_1h_standard_b_01.m2,1.049476,1.72989,0.069941,0.633576,24.733561,EXTREME_ASPECT_RATIO
200462,appearance.d6235.s15.c2.sc2,NONPUBLIC,RANGED,item\objectcomponents\weapon\bow_1h_standard_c_02.m2,1.16304,1.976977,0.067398,0.617843,29.332873,EXTREME_ASPECT_RATIO
200706,appearance.d7308.s17.c2.sc10,NONPUBLIC,MAINHAND,item\objectcomponents\weapon\stave_2h_long_b_01.m2,1.225709,2.451417,0.097104,0.110051,25.245273,EXTREME_ASPECT_RATIO
200707,appearance.d7310.s17.c2.sc10,PUBLIC,MAINHAND,item\objectcomponents\weapon\stave_2h_long_a_03.m2,1.201561,2.403121,0.049566,0.056358,48.483255,EXTREME_ASPECT_RATIO
200710,appearance.d7313.s13.c2.sc7,PUBLIC,MAINHAND,item\objectcomponents\weapon\sword_1h_long_a_03.m2,0.646229,1.292392,0.069523,0.312097,18.589416,EXTREME_ASPECT_RATIO
200711,appearance.d7319.s17.c2.sc8,PUBLIC,MAINHAND,item\objectcomponents\weapon\sword_2h_claymore_b_01.m2,0.935075,1.87015,0.065926,0.359245,28.367412,EXTREME_ASPECT_RATIO
200712,appearance.d7324.s17.c2.sc8,NONPUBLIC,MAINHAND,item\objectcomponents\weapon\sword_2h_claymore_b_02.m2,0.929642,1.859284,0.084645,0.461327,21.965668,EXTREME_ASPECT_RATIO
200741,appearance.d7449.s13.c2.sc14,NONPUBLIC,MAINHAND,item\objectcomponents\weapon\misc_2h_broom_a_01.m2,1.016456,2.005708,0.066423,0.32934,30.195986,EXTREME_ASPECT_RATIO
200747,appearance.d7459.s13.c2.sc14,NONPUBLIC,MAINHAND,item\objectcomponents\weapon\misc_2h_harpoon_b_01.m2,1.14059,2.281167,0.085418,0.216081,26.705928,EXTREME_ASPECT_RATIO
200748,appearance.d7459.s17.c2.sc6,NONPUBLIC,MAINHAND,item\objectcomponents\weapon\misc_2h_harpoon_b_01.m2,1.14059,2.281167,0.085418,0.216081,26.705928,EXTREME_ASPECT_RATIO
200749,appearance.d7459.s26.c2.sc16,NONPUBLIC,RANGED,item\objectcomponents\weapon\misc_2h_harpoon_b_01.m2,1.14059,2.281167,0.085418,0.216081,26.705928,EXTREME_ASPECT_RATIO
200754,appearance.d7464.s17.c2.sc6,PUBLIC,MAINHAND,item\objectcomponents\weapon\misc_2h_pitchfork_a_01.m2,1.22661,2.431889,0.108334,0.447223,22.448068,EXTREME_ASPECT_RATIO
200768,appearance.d7480.s17.c2.sc6,NONPUBLIC,MAINHAND,item\objectcomponents\weapon\polearm_2h_bladed_c_01.m2,1.09197,2.183686,0.082967,0.162036,26.319934,EXTREME_ASPECT_RATIO
200769,appearance.d7480.s17.c2.sc17,NONPUBLIC,MAINHAND,item\objectcomponents\weapon\polearm_2h_bladed_c_01.m2,1.09197,2.183686,0.082967,0.162036,26.319934,EXTREME_ASPECT_RATIO
200770,appearance.d7481.s17.c2.sc6,NONPUBLIC,MAINHAND,item\objectcomponents\weapon\polearm_2h_bladed_a_01.m2,1.1031,2.206199,0.121614,0.275417,18.140995,EXTREME_ASPECT_RATIO
200771,appearance.d7481.s17.c2.sc15,NONPUBLIC,MAINHAND,item\objectcomponents\weapon\polearm_2h_bladed_a_01.m2,1.1031,2.206199,0.121614,0.275417,18.140995,EXTREME_ASPECT_RATIO
200772,appearance.d7482.s13.c2.sc7,NONPUBLIC,MAINHAND,item\objectcomponents\weapon\sword_1h_long_c_01.m2,0.728466,1.456932,0.078462,0.255199,18.568632,EXTREME_ASPECT_RATIO
200773,appearance.d7483.s13.c2.sc7,NONPUBLIC,MAINHAND,item\objectcomponents\weapon\sword_1h_long_a_02.m2,0.60358,1.207161,0.069523,0.275063,17.363477,EXTREME_ASPECT_RATIO
200775,appearance.d7485.s13.c2.sc7,NONPUBLIC,MAINHAND,item\objectcomponents\weapon\sword_1h_sabre_b_02.m2,0.663483,1.296368,0.073742,0.283322,17.579778,EXTREME_ASPECT_RATIO
200779,appearance.d7489.s17.c2.sc8,NONPUBLIC,MAINHAND,item\objectcomponents\weapon\sword_2h_bastard_d_01.m2,0.958051,1.916102,0.099107,0.589121,19.33367,EXTREME_ASPECT_RATIO
200780,appearance.d7490.s17.c2.sc8,NONPUBLIC,MAINHAND,item\objectcomponents\weapon\sword_2h_claymore_a_01.m2,0.906324,1.812648,0.095631,0.396315,18.954607,EXTREME_ASPECT_RATIO
200781,appearance.d7491.s13.c2.sc8,NONPUBLIC,MAINHAND,item\objectcomponents\weapon\sword_2h_korean_c_01.m2,0.900143,1.791861,0.103375,0.180499,17.333601,EXTREME_ASPECT_RATIO
200792,appearance.d7526.s13.c2.sc7,NONPUBLIC,MAINHAND,item\objectcomponents\weapon\sword_1h_long_b_02.m2,0.735474,1.470949,0.065926,0.359245,22.312123,EXTREME_ASPECT_RATIO
200807,appearance.d7603.s15.c2.sc2,PUBLIC,RANGED,item\objectcomponents\weapon\bow_1h_standard_a_01.m2,0.831831,1.429662,0.063541,0.550509,22.499835,EXTREME_ASPECT_RATIO
200825,appearance.d8000.s17.c2.sc8,PUBLIC,MAINHAND,item\objectcomponents\weapon\sword_2h_broadsword_a_03.m2,0.778061,1.556123,0.095531,0.269328,16.289194,EXTREME_ASPECT_RATIO
200827,appearance.d8016.s13.c2.sc7,NONPUBLIC,MAINHAND,item\objectcomponents\weapon\sword_2h_broadsword_a_01.m2,0.897979,1.795958,0.101721,0.225879,17.655725,EXTREME_ASPECT_RATIO
200838,appearance.d8104.s15.c2.sc2,PUBLIC,RANGED,item\objectcomponents\weapon\bow_1h_short_a_01.m2,1.068146,1.765619,0.094876,0.576256,18.609754,EXTREME_ASPECT_RATIO
200839,appearance.d8106.s15.c2.sc2,NONPUBLIC,RANGED,item\objectcomponents\weapon\bow_1h_short_a_01.m2,1.068146,1.765619,0.094876,0.576256,18.609754,EXTREME_ASPECT_RATIO
200840,appearance.d8107.s15.c2.sc2,PUBLIC,RANGED,item\objectcomponents\weapon\bow_1h_standard_a_02.m2,0.837893,1.429661,0.063541,0.482314,22.499819,EXTREME_ASPECT_RATIO
200855,appearance.d8376.s13.c2.sc0,NONPUBLIC,MAINHAND,item\objectcomponents\weapon\glave_1h_dualblade_c_01.m2,1.051915,2.057242,0.086785,0.440289,23.705041,EXTREME_ASPECT_RATIO
200957,appearance.d8745.s17.c2.sc6,NONPUBLIC,MAINHAND,item\objectcomponents\weapon\polearm_2h_trident_a_01.m2,1.025601,2.050387,0.096707,0.329107,21.202054,EXTREME_ASPECT_RATIO
200958,appearance.d8746.s17.c2.sc6,NONPUBLIC,MAINHAND,item\objectcomponents\weapon\polearm_2h_trident_a_02.m2,1.079546,2.159018,0.076089,0.36222,28.374903,EXTREME_ASPECT_RATIO
200959,appearance.d8747.s17.c2.sc6,NONPUBLIC,MAINHAND,item\objectcomponents\weapon\polearm_2h_trident_b_01.m2,1.11926,2.238521,0.076089,0.435623,29.419772,EXTREME_ASPECT_RATIO
200975,appearance.d9060.s15.c2.sc2,PUBLIC,RANGED,item\objectcomponents\weapon\bow_1h_standard_b_01.m2,1.049476,1.72989,0.069941,0.633576,24.733561,EXTREME_ASPECT_RATIO
200984,appearance.d9122.s17.c2.sc10,PUBLIC,MAINHAND,item\objectcomponents\weapon\stave_2h_long_b_04.m2,0.732804,1.448486,0.077128,0.216242,18.780287,EXTREME_ASPECT_RATIO
201010,appearance.d9465.s13.c2.sc7,NONPUBLIC,MAINHAND,item\objectcomponents\weapon\sword_1h_long_a_01.m2,0.643891,1.287781,0.049659,0.291243,25.93248,EXTREME_ASPECT_RATIO
201140,appearance.d10654.s17.c2.sc10,NONPUBLIC,MAINHAND,item\objectcomponents\weapon\stave_2h_long_a_03.m2,1.201561,2.403121,0.049566,0.056358,48.483255,EXTREME_ASPECT_RATIO
201230,appearance.d12274.s13.c2.sc7,NONPUBLIC,MAINHAND,item\objectcomponents\weapon\sword_1h_long_a_01.m2,0.643891,1.287781,0.049659,0.291243,25.93248,EXTREME_ASPECT_RATIO
201233,appearance.d12286.s17.c2.sc10,PUBLIC,MAINHAND,item\objectcomponents\weapon\stave_2h_long_b_03.m2,1.227987,2.455123,0.080802,0.210225,30.384434,EXTREME_ASPECT_RATIO
201268,appearance.d12562.s17.c2.sc6,PUBLIC,MAINHAND,item\objectcomponents\weapon\polearm_2h_bladed_b_02.m2,1.12959,2.25918,0.076089,0.193408,29.691283,EXTREME_ASPECT_RATIO
201271,appearance.d12610.s13.c2.sc7,PUBLIC,MAINHAND,item\objectcomponents\weapon\sword_1h_machete_b_01.m2,0.723998,1.405818,0.061774,0.346942,22.757438,EXTREME_ASPECT_RATIO
201327,appearance.d12857.s17.c2.sc6,NONPUBLIC,MAINHAND,item\objectcomponents\weapon\polearm_2h_bladed_a_02.m2,1.096531,2.193062,0.081019,0.275417,27.06849,EXTREME_ASPECT_RATIO
201332,appearance.d12883.s15.c2.sc2,PUBLIC,RANGED,item\objectcomponents\weapon\bow_1h_standard_b_02.m2,1.187731,1.958303,0.068972,0.763025,28.392725,EXTREME_ASPECT_RATIO
201368,appearance.d13078.s13.c2.sc7,PUBLIC,MAINHAND,item\objectcomponents\weapon\sword_1h_long_c_01.m2,0.728466,1.456932,0.078462,0.255199,18.568632,EXTREME_ASPECT_RATIO
201432,appearance.d13583.s17.c2.sc14,NONPUBLIC,MAINHAND,item\objectcomponents\weapon\sword_2h_claymore_b_02.m2,0.929642,1.859284,0.084645,0.461327,21.965668,EXTREME_ASPECT_RATIO
201433,appearance.d13585.s13.c2.sc7,NONPUBLIC,MAINHAND,item\objectcomponents\weapon\sword_1h_long_a_01.m2,0.643891,1.287781,0.049659,0.291243,25.93248,EXTREME_ASPECT_RATIO
201452,appearance.d13853.s17.c2.sc14,NONPUBLIC,MAINHAND,item\objectcomponents\weapon\sword_2h_claymore_b_02.m2,0.929642,1.859284,0.084645,0.461327,21.965668,EXTREME_ASPECT_RATIO
201816,appearance.d15430.s23.c4.sc0,PUBLIC,HELD_IN_OFFHAND,item\objectcomponents\weapon\stave_2h_long_b_04.m2,0.732804,1.448486,0.077128,0.216242,18.780287,EXTREME_ASPECT_RATIO
201827,appearance.d15561.s23.c4.sc0,PUBLIC,HELD_IN_OFFHAND,item\objectcomponents\weapon\stave_2h_long_c_01.m2,1.177365,2.35473,0.097209,0.302856,24.223374,EXTREME_ASPECT_RATIO
201828,appearance.d15564.s23.c4.sc0,PUBLIC,HELD_IN_OFFHAND,item\objectcomponents\weapon\stave_2h_jeweled_a_01.m2,1.040729,2.081457,0.110537,0.124912,18.83041,EXTREME_ASPECT_RATIO
201830,appearance.d15591.s21.c2.sc7,PUBLIC,MAINHAND,item\objectcomponents\weapon\sword_1h_sabre_a_02.m2,0.580217,1.159211,0.066434,0.224464,17.449062,EXTREME_ASPECT_RATIO
201832,appearance.d15704.s17.c2.sc8,NONPUBLIC,MAINHAND,item\objectcomponents\weapon\sword_2h_claymore_b_01.m2,0.935075,1.87015,0.065926,0.359245,28.367412,EXTREME_ASPECT_RATIO
201842,appearance.d15804.s13.c2.sc7,NONPUBLIC,MAINHAND,item\objectcomponents\weapon\sword_1h_long_a_01.m2,0.643891,1.287781,0.049659,0.291243,25.93248,EXTREME_ASPECT_RATIO
201875,appearance.d15990.s17.c2.sc10,NONPUBLIC,MAINHAND,item\objectcomponents\weapon\stave_2h_long_d_01.m2,1.217385,2.430926,0.10459,0.536933,23.242432,EXTREME_ASPECT_RATIO
201911,appearance.d16147.s17.c2.sc8,NONPUBLIC,MAINHAND,item\objectcomponents\weapon\sword_2h_broadsword_a_03.m2,0.778061,1.556123,0.095531,0.269328,16.289194,EXTREME_ASPECT_RATIO
202074,appearance.d16752.s25.c2.sc16,PUBLIC,RANGED,item\objectcomponents\weapon\thrown_1h_dagger_a_01.m2,0.376499,0.745558,0.042192,0.434276,17.670601,EXTREME_ASPECT_RATIO
202075,appearance.d16753.s25.c2.sc16,PUBLIC,RANGED,item\objectcomponents\weapon\thrown_1h_dagger_a_01.m2,0.376499,0.745558,0.042192,0.434276,17.670601,EXTREME_ASPECT_RATIO
202451,appearance.d18289.s17.c2.sc10,PUBLIC,MAINHAND,item\objectcomponents\weapon\stave_2h_long_c_02.m2,1.198592,2.370163,0.143702,0.35891,16.493598,EXTREME_ASPECT_RATIO
202452,appearance.d18289.s23.c4.sc0,PUBLIC,HELD_IN_OFFHAND,item\objectcomponents\weapon\stave_2h_long_c_02.m2,1.198592,2.370163,0.143702,0.35891,16.493598,EXTREME_ASPECT_RATIO
202466,appearance.d18342.s17.c2.sc8,PUBLIC,MAINHAND,item\objectcomponents\weapon\sword_2h_claymore_b_02.m2,0.929642,1.859284,0.084645,0.461327,21.965668,EXTREME_ASPECT_RATIO
202467,appearance.d18343.s15.c2.sc2,PUBLIC,RANGED,item\objectcomponents\weapon\bow_1h_short_a_01.m2,1.068146,1.765619,0.094876,0.576256,18.609754,EXTREME_ASPECT_RATIO
202470,appearance.d18350.s15.c2.sc2,PUBLIC,RANGED,item\objectcomponents\weapon\bow_1h_short_a_01.m2,1.068146,1.765619,0.094876,0.576256,18.609754,EXTREME_ASPECT_RATIO
202473,appearance.d18355.s15.c2.sc2,PUBLIC,RANGED,item\objectcomponents\weapon\bow_1h_standard_b_02.m2,1.187731,1.958303,0.068972,0.763025,28.392725,EXTREME_ASPECT_RATIO
202490,appearance.d18388.s17.c2.sc6,PUBLIC,MAINHAND,item\objectcomponents\weapon\polearm_2h_bladed_c_01.m2,1.09197,2.183686,0.082967,0.162036,26.319934,EXTREME_ASPECT_RATIO
202499,appearance.d18409.s17.c2.sc8,PUBLIC,MAINHAND,item\objectcomponents\weapon\sword_2h_claymore_b_01.m2,0.935075,1.87015,0.065926,0.359245,28.367412,EXTREME_ASPECT_RATIO
202518,appearance.d18437.s23.c4.sc0,PUBLIC,HELD_IN_OFFHAND,item\objectcomponents\weapon\stave_2h_other_a_01.m2,1.189521,2.376651,0.063879,0.148946,37.205514,EXTREME_ASPECT_RATIO
202519,appearance.d18438.s17.c2.sc10,PUBLIC,MAINHAND,item\objectcomponents\weapon\stave_2h_other_a_01.m2,1.189521,2.376651,0.063879,0.148946,37.205514,EXTREME_ASPECT_RATIO
202569,appearance.d18530.s17.c2.sc10,NONPUBLIC,MAINHAND,item\objectcomponents\weapon\stave_2h_other_a_01.m2,1.189521,2.376651,0.063879,0.148946,37.205514,EXTREME_ASPECT_RATIO
202944,appearance.d19804.s17.c2.sc6,NONPUBLIC,MAINHAND,item\objectcomponents\weapon\polearm_2h_bladed_c_01.m2,1.09197,2.183686,0.082967,0.162036,26.319934,EXTREME_ASPECT_RATIO
202991,appearance.d20010.s13.c2.sc7,PUBLIC,MAINHAND,item\objectcomponents\weapon\sword_1h_long_c_01.m2,0.728466,1.456932,0.078462,0.255199,18.568632,EXTREME_ASPECT_RATIO
203003,appearance.d20037.s17.c2.sc8,PUBLIC,MAINHAND,item\objectcomponents\weapon\sword_2h_claymore_a_02.m2,0.847707,1.695374,0.069523,0.25976,24.3858,EXTREME_ASPECT_RATIO
203004,appearance.d20038.s17.c2.sc8,PUBLIC,MAINHAND,item\objectcomponents\weapon\sword_2h_claymore_a_02.m2,0.847707,1.695374,0.069523,0.25976,24.3858,EXTREME_ASPECT_RATIO
203005,appearance.d20069.s17.c2.sc8,NONPUBLIC,MAINHAND,item\objectcomponents\weapon\sword_2h_claymore_a_01.m2,0.906324,1.812648,0.095631,0.396315,18.954607,EXTREME_ASPECT_RATIO
203006,appearance.d20071.s17.c2.sc8,PUBLIC,MAINHAND,item\objectcomponents\weapon\sword_2h_claymore_a_01.m2,0.906324,1.812648,0.095631,0.396315,18.954607,EXTREME_ASPECT_RATIO
203007,appearance.d20072.s17.c2.sc8,PUBLIC,MAINHAND,item\objectcomponents\weapon\sword_2h_claymore_a_01.m2,0.906324,1.812648,0.095631,0.396315,18.954607,EXTREME_ASPECT_RATIO
203009,appearance.d20074.s17.c2.sc8,PUBLIC,MAINHAND,item\objectcomponents\weapon\sword_2h_broadsword_a_01.m2,0.897979,1.795958,0.101721,0.225879,17.655725,EXTREME_ASPECT_RATIO
203012,appearance.d20078.s17.c2.sc8,PUBLIC,MAINHAND,item\objectcomponents\weapon\sword_2h_claymore_a_02.m2,0.847707,1.695374,0.069523,0.25976,24.3858,EXTREME_ASPECT_RATIO
203013,appearance.d20080.s17.c2.sc8,PUBLIC,MAINHAND,item\objectcomponents\weapon\sword_2h_broadsword_a_02.m2,1.063181,2.126363,0.127151,0.325943,16.723132,EXTREME_ASPECT_RATIO
203016,appearance.d20084.s17.c2.sc8,PUBLIC,MAINHAND,item\objectcomponents\weapon\sword_2h_broadsword_a_01.m2,0.897979,1.795958,0.101721,0.225879,17.655725,EXTREME_ASPECT_RATIO
203018,appearance.d20087.s17.c2.sc8,PUBLIC,MAINHAND,item\objectcomponents\weapon\sword_2h_broadsword_a_03.m2,0.778061,1.556123,0.095531,0.269328,16.289194,EXTREME_ASPECT_RATIO
203019,appearance.d20088.s13.c2.sc7,PUBLIC,MAINHAND,item\objectcomponents\weapon\sword_1h_long_b_01.m2,0.705841,1.411683,0.063618,0.413965,22.189993,EXTREME_ASPECT_RATIO
203020,appearance.d20089.s13.c2.sc7,PUBLIC,MAINHAND,item\objectcomponents\weapon\sword_1h_long_b_02.m2,0.735474,1.470949,0.065926,0.359245,22.312123,EXTREME_ASPECT_RATIO
203022,appearance.d20092.s17.c2.sc8,PUBLIC,MAINHAND,item\objectcomponents\weapon\sword_2h_claymore_a_02.m2,0.847707,1.695374,0.069523,0.25976,24.3858,EXTREME_ASPECT_RATIO
203026,appearance.d20109.s17.c2.sc8,PUBLIC,MAINHAND,item\objectcomponents\weapon\sword_2h_claymore_a_02.m2,0.847707,1.695374,0.069523,0.25976,24.3858,EXTREME_ASPECT_RATIO
203027,appearance.d20110.s13.c2.sc7,PUBLIC,MAINHAND,item\objectcomponents\weapon\sword_1h_long_a_03.m2,0.646229,1.292392,0.069523,0.312097,18.589416,EXTREME_ASPECT_RATIO
203028,appearance.d20111.s17.c2.sc8,PUBLIC,MAINHAND,item\objectcomponents\weapon\sword_2h_broadsword_a_01.m2,0.897979,1.795958,0.101721,0.225879,17.655725,EXTREME_ASPECT_RATIO
203029,appearance.d20112.s17.c2.sc8,PUBLIC,MAINHAND,item\objectcomponents\weapon\sword_2h_claymore_a_02.m2,0.847707,1.695374,0.069523,0.25976,24.3858,EXTREME_ASPECT_RATIO
203032,appearance.d20117.s17.c2.sc8,PUBLIC,MAINHAND,item\objectcomponents\weapon\sword_2h_broadsword_a_02.m2,1.063181,2.126363,0.127151,0.325943,16.723132,EXTREME_ASPECT_RATIO
203033,appearance.d20119.s17.c2.sc8,PUBLIC,MAINHAND,item\objectcomponents\weapon\sword_2h_claymore_a_02.m2,0.847707,1.695374,0.069523,0.25976,24.3858,EXTREME_ASPECT_RATIO
203035,appearance.d20121.s17.c2.sc8,PUBLIC,MAINHAND,item\objectcomponents\weapon\sword_2h_claymore_a_02.m2,0.847707,1.695374,0.069523,0.25976,24.3858,EXTREME_ASPECT_RATIO
203038,appearance.d20150.s17.c2.sc8,PUBLIC,MAINHAND,item\objectcomponents\weapon\sword_2h_claymore_a_02.m2,0.847707,1.695374,0.069523,0.25976,24.3858,EXTREME_ASPECT_RATIO
203039,appearance.d20151.s17.c2.sc8,PUBLIC,MAINHAND,item\objectcomponents\weapon\sword_2h_claymore_b_01.m2,0.935075,1.87015,0.065926,0.359245,28.367412,EXTREME_ASPECT_RATIO
203040,appearance.d20152.s17.c2.sc8,PUBLIC,MAINHAND,item\objectcomponents\weapon\sword_2h_claymore_b_02.m2,0.929642,1.859284,0.084645,0.461327,21.965668,EXTREME_ASPECT_RATIO
203043,appearance.d20155.s17.c2.sc8,PUBLIC,MAINHAND,item\objectcomponents\weapon\sword_2h_broadsword_a_02.m2,1.063181,2.126363,0.127151,0.325943,16.723132,EXTREME_ASPECT_RATIO
203046,appearance.d20159.s13.c2.sc7,PUBLIC,MAINHAND,item\objectcomponents\weapon\sword_1h_long_a_02.m2,0.60358,1.207161,0.069523,0.275063,17.363477,EXTREME_ASPECT_RATIO
203047,appearance.d20160.s13.c2.sc7,PUBLIC,MAINHAND,item\objectcomponents\weapon\sword_1h_long_a_02.m2,0.60358,1.207161,0.069523,0.275063,17.363477,EXTREME_ASPECT_RATIO
203048,appearance.d20161.s13.c2.sc7,PUBLIC,MAINHAND,item\objectcomponents\weapon\sword_1h_long_a_02.m2,0.60358,1.207161,0.069523,0.275063,17.363477,EXTREME_ASPECT_RATIO
203049,appearance.d20162.s13.c2.sc7,PUBLIC,MAINHAND,item\objectcomponents\weapon\sword_1h_long_a_02.m2,0.60358,1.207161,0.069523,0.275063,17.363477,EXTREME_ASPECT_RATIO
203050,appearance.d20163.s13.c2.sc7,PUBLIC,MAINHAND,item\objectcomponents\weapon\sword_1h_long_a_02.m2,0.60358,1.207161,0.069523,0.275063,17.363477,EXTREME_ASPECT_RATIO
203052,appearance.d20167.s17.c2.sc8,PUBLIC,MAINHAND,item\objectcomponents\weapon\sword_2h_broadsword_a_03.m2,0.778061,1.556123,0.095531,0.269328,16.289194,EXTREME_ASPECT_RATIO
203055,appearance.d20172.s17.c2.sc8,PUBLIC,MAINHAND,item\objectcomponents\weapon\sword_2h_claymore_b_02.m2,0.929642,1.859284,0.084645,0.461327,21.965668,EXTREME_ASPECT_RATIO
203058,appearance.d20174.s17.c2.sc8,PUBLIC,MAINHAND,item\objectcomponents\weapon\sword_2h_claymore_b_01.m2,0.935075,1.87015,0.065926,0.359245,28.367412,EXTREME_ASPECT_RATIO
203061,appearance.d20177.s17.c2.sc8,PUBLIC,MAINHAND,item\objectcomponents\weapon\sword_2h_claymore_b_01.m2,0.935075,1.87015,0.065926,0.359245,28.367412,EXTREME_ASPECT_RATIO
203062,appearance.d20179.s17.c2.sc8,PUBLIC,MAINHAND,item\objectcomponents\weapon\sword_2h_claymore_b_01.m2,0.935075,1.87015,0.065926,0.359245,28.367412,EXTREME_ASPECT_RATIO
203063,appearance.d20180.s17.c2.sc8,PUBLIC,MAINHAND,item\objectcomponents\weapon\sword_2h_claymore_b_01.m2,0.935075,1.87015,0.065926,0.359245,28.367412,EXTREME_ASPECT_RATIO
203064,appearance.d20182.s17.c2.sc8,PUBLIC,MAINHAND,item\objectcomponents\weapon\sword_2h_claymore_b_01.m2,0.935075,1.87015,0.065926,0.359245,28.367412,EXTREME_ASPECT_RATIO
203065,appearance.d20183.s17.c2.sc8,PUBLIC,MAINHAND,item\objectcomponents\weapon\sword_2h_claymore_a_02.m2,0.847707,1.695374,0.069523,0.25976,24.3858,EXTREME_ASPECT_RATIO
203066,appearance.d20184.s17.c2.sc8,PUBLIC,MAINHAND,item\objectcomponents\weapon\sword_2h_claymore_b_01.m2,0.935075,1.87015,0.065926,0.359245,28.367412,EXTREME_ASPECT_RATIO
203068,appearance.d20186.s17.c2.sc8,PUBLIC,MAINHAND,item\objectcomponents\weapon\sword_2h_claymore_b_01.m2,0.935075,1.87015,0.065926,0.359245,28.367412,EXTREME_ASPECT_RATIO
203069,appearance.d20189.s17.c2.sc8,PUBLIC,MAINHAND,item\objectcomponents\weapon\sword_2h_broadsword_a_03.m2,0.778061,1.556123,0.095531,0.269328,16.289194,EXTREME_ASPECT_RATIO
203071,appearance.d20191.s17.c2.sc8,PUBLIC,MAINHAND,item\objectcomponents\weapon\sword_2h_bastard_d_01.m2,0.958051,1.916102,0.099107,0.589121,19.33367,EXTREME_ASPECT_RATIO
203072,appearance.d20193.s17.c2.sc8,PUBLIC,MAINHAND,item\objectcomponents\weapon\sword_2h_broadsword_a_03.m2,0.778061,1.556123,0.095531,0.269328,16.289194,EXTREME_ASPECT_RATIO
203073,appearance.d20195.s17.c2.sc8,PUBLIC,MAINHAND,item\objectcomponents\weapon\sword_2h_claymore_b_02.m2,0.929642,1.859284,0.084645,0.461327,21.965668,EXTREME_ASPECT_RATIO
203074,appearance.d20196.s17.c2.sc8,NONPUBLIC,MAINHAND,item\objectcomponents\weapon\sword_2h_broadsword_a_02.m2,1.063181,2.126363,0.127151,0.325943,16.723132,EXTREME_ASPECT_RATIO
203075,appearance.d20198.s17.c2.sc8,PUBLIC,MAINHAND,item\objectcomponents\weapon\sword_2h_bastard_d_01.m2,0.958051,1.916102,0.099107,0.589121,19.33367,EXTREME_ASPECT_RATIO
203083,appearance.d20216.s21.c2.sc7,PUBLIC,MAINHAND,item\objectcomponents\weapon\sword_1h_sabre_b_02.m2,0.663483,1.296368,0.073742,0.283322,17.579778,EXTREME_ASPECT_RATIO
203086,appearance.d20223.s13.c2.sc7,NONPUBLIC,MAINHAND,item\objectcomponents\weapon\sword_1h_sabre_a_02.m2,0.580217,1.159211,0.066434,0.224464,17.449062,EXTREME_ASPECT_RATIO
203088,appearance.d20249.s17.c2.sc8,PUBLIC,MAINHAND,item\objectcomponents\weapon\sword_2h_korean_c_01.m2,0.900143,1.791861,0.103375,0.180499,17.333601,EXTREME_ASPECT_RATIO
203090,appearance.d20251.s17.c2.sc8,PUBLIC,MAINHAND,item\objectcomponents\weapon\sword_2h_claymore_b_02.m2,0.929642,1.859284,0.084645,0.461327,21.965668,EXTREME_ASPECT_RATIO
203093,appearance.d20256.s17.c2.sc10,NONPUBLIC,MAINHAND,item\objectcomponents\weapon\stave_2h_long_d_01.m2,1.217385,2.430926,0.10459,0.536933,23.242432,EXTREME_ASPECT_RATIO
203094,appearance.d20257.s17.c2.sc10,PUBLIC,MAINHAND,item\objectcomponents\weapon\stave_2h_long_d_01.m2,1.217385,2.430926,0.10459,0.536933,23.242432,EXTREME_ASPECT_RATIO
203095,appearance.d20258.s17.c2.sc10,PUBLIC,MAINHAND,item\objectcomponents\weapon\stave_2h_long_c_01.m2,1.177365,2.35473,0.097209,0.302856,24.223374,EXTREME_ASPECT_RATIO
203096,appearance.d20259.s17.c2.sc10,PUBLIC,MAINHAND,item\objectcomponents\weapon\stave_2h_long_c_02.m2,1.198592,2.370163,0.143702,0.35891,16.493598,EXTREME_ASPECT_RATIO
203097,appearance.d20269.s17.c2.sc10,PUBLIC,MAINHAND,item\objectcomponents\weapon\stave_2h_long_b_03.m2,1.227987,2.455123,0.080802,0.210225,30.384434,EXTREME_ASPECT_RATIO
203100,appearance.d20274.s17.c2.sc10,PUBLIC,MAINHAND,item\objectcomponents\weapon\stave_2h_long_c_02.m2,1.198592,2.370163,0.143702,0.35891,16.493598,EXTREME_ASPECT_RATIO
203102,appearance.d20289.s17.c2.sc10,PUBLIC,MAINHAND,item\objectcomponents\weapon\stave_2h_long_b_04.m2,0.732804,1.448486,0.077128,0.216242,18.780287,EXTREME_ASPECT_RATIO
203105,appearance.d20293.s17.c2.sc10,PUBLIC,MAINHAND,item\objectcomponents\weapon\stave_2h_long_c_02.m2,1.198592,2.370163,0.143702,0.35891,16.493598,EXTREME_ASPECT_RATIO
203111,appearance.d20309.s17.c2.sc10,PUBLIC,MAINHAND,item\objectcomponents\weapon\stave_2h_long_b_01.m2,1.225709,2.451417,0.097104,0.110051,25.245273,EXTREME_ASPECT_RATIO
203120,appearance.d20325.s17.c2.sc10,PUBLIC,MAINHAND,item\objectcomponents\weapon\stave_2h_long_b_03.m2,1.227987,2.455123,0.080802,0.210225,30.384434,EXTREME_ASPECT_RATIO
203124,appearance.d20330.s17.c2.sc10,PUBLIC,MAINHAND,item\objectcomponents\weapon\stave_2h_long_b_04.m2,0.732804,1.448486,0.077128,0.216242,18.780287,EXTREME_ASPECT_RATIO
203127,appearance.d20334.s17.c2.sc10,PUBLIC,MAINHAND,item\objectcomponents\weapon\stave_2h_long_b_03.m2,1.227987,2.455123,0.080802,0.210225,30.384434,EXTREME_ASPECT_RATIO
203128,appearance.d20335.s17.c2.sc10,PUBLIC,MAINHAND,item\objectcomponents\weapon\stave_2h_long_c_02.m2,1.198592,2.370163,0.143702,0.35891,16.493598,EXTREME_ASPECT_RATIO
203129,appearance.d20336.s17.c2.sc10,PUBLIC,MAINHAND,item\objectcomponents\weapon\stave_2h_long_b_04.m2,0.732804,1.448486,0.077128,0.216242,18.780287,EXTREME_ASPECT_RATIO
203130,appearance.d20339.s17.c2.sc10,PUBLIC,MAINHAND,item\objectcomponents\weapon\stave_2h_long_c_01.m2,1.177365,2.35473,0.097209,0.302856,24.223374,EXTREME_ASPECT_RATIO
203134,appearance.d20346.s17.c2.sc10,PUBLIC,MAINHAND,item\objectcomponents\weapon\stave_2h_long_b_03.m2,1.227987,2.455123,0.080802,0.210225,30.384434,EXTREME_ASPECT_RATIO
203138,appearance.d20350.s17.c2.sc10,PUBLIC,MAINHAND,item\objectcomponents\weapon\stave_2h_long_b_01.m2,1.225709,2.451417,0.097104,0.110051,25.245273,EXTREME_ASPECT_RATIO
203140,appearance.d20356.s17.c2.sc10,PUBLIC,MAINHAND,item\objectcomponents\weapon\stave_2h_long_b_03.m2,1.227987,2.455123,0.080802,0.210225,30.384434,EXTREME_ASPECT_RATIO
203141,appearance.d20357.s17.c2.sc10,PUBLIC,MAINHAND,item\objectcomponents\weapon\stave_2h_long_b_01.m2,1.225709,2.451417,0.097104,0.110051,25.245273,EXTREME_ASPECT_RATIO
203143,appearance.d20360.s17.c2.sc10,PUBLIC,MAINHAND,item\objectcomponents\weapon\stave_2h_long_a_03.m2,1.201561,2.403121,0.049566,0.056358,48.483255,EXTREME_ASPECT_RATIO
203144,appearance.d20361.s17.c2.sc10,PUBLIC,MAINHAND,item\objectcomponents\weapon\stave_2h_long_a_03.m2,1.201561,2.403121,0.049566,0.056358,48.483255,EXTREME_ASPECT_RATIO
203145,appearance.d20362.s17.c2.sc10,PUBLIC,MAINHAND,item\objectcomponents\weapon\stave_2h_long_b_01.m2,1.225709,2.451417,0.097104,0.110051,25.245273,EXTREME_ASPECT_RATIO
203146,appearance.d20363.s17.c2.sc10,PUBLIC,MAINHAND,item\objectcomponents\weapon\stave_2h_long_b_03.m2,1.227987,2.455123,0.080802,0.210225,30.384434,EXTREME_ASPECT_RATIO
203148,appearance.d20370.s17.c2.sc10,PUBLIC,MAINHAND,item\objectcomponents\weapon\stave_2h_long_b_01.m2,1.225709,2.451417,0.097104,0.110051,25.245273,EXTREME_ASPECT_RATIO
203150,appearance.d20373.s17.c2.sc10,PUBLIC,MAINHAND,item\objectcomponents\weapon\stave_2h_long_b_04.m2,0.732804,1.448486,0.077128,0.216242,18.780287,EXTREME_ASPECT_RATIO
203155,appearance.d20379.s17.c2.sc10,PUBLIC,MAINHAND,item\objectcomponents\weapon\stave_2h_long_b_01.m2,1.225709,2.451417,0.097104,0.110051,25.245273,EXTREME_ASPECT_RATIO
203157,appearance.d20381.s17.c2.sc10,PUBLIC,MAINHAND,item\objectcomponents\weapon\stave_2h_long_b_03.m2,1.227987,2.455123,0.080802,0.210225,30.384434,EXTREME_ASPECT_RATIO
203158,appearance.d20382.s17.c2.sc10,PUBLIC,MAINHAND,item\objectcomponents\weapon\stave_2h_long_b_04.m2,0.732804,1.448486,0.077128,0.216242,18.780287,EXTREME_ASPECT_RATIO
203163,appearance.d20386.s17.c2.sc10,PUBLIC,MAINHAND,item\objectcomponents\weapon\stave_2h_long_b_03.m2,1.227987,2.455123,0.080802,0.210225,30.384434,EXTREME_ASPECT_RATIO
203164,appearance.d20389.s17.c2.sc10,PUBLIC,MAINHAND,item\objectcomponents\weapon\stave_2h_jeweled_a_03.m2,0.993953,1.987906,0.113557,0.128324,17.505799,EXTREME_ASPECT_RATIO
203173,appearance.d20401.s17.c2.sc10,PUBLIC,MAINHAND,item\objectcomponents\weapon\stave_2h_long_b_03.m2,1.227987,2.455123,0.080802,0.210225,30.384434,EXTREME_ASPECT_RATIO
203174,appearance.d20402.s17.c2.sc10,PUBLIC,MAINHAND,item\objectcomponents\weapon\stave_2h_long_a_03.m2,1.201561,2.403121,0.049566,0.056358,48.483255,EXTREME_ASPECT_RATIO
203177,appearance.d20410.s17.c2.sc10,PUBLIC,MAINHAND,item\objectcomponents\weapon\stave_2h_jeweled_a_03.m2,0.993953,1.987906,0.113557,0.128324,17.505799,EXTREME_ASPECT_RATIO
203180,appearance.d20413.s17.c2.sc10,PUBLIC,MAINHAND,item\objectcomponents\weapon\stave_2h_long_a_03.m2,1.201561,2.403121,0.049566,0.056358,48.483255,EXTREME_ASPECT_RATIO
203182,appearance.d20415.s17.c2.sc10,PUBLIC,MAINHAND,item\objectcomponents\weapon\stave_2h_jeweled_a_03.m2,0.993953,1.987906,0.113557,0.128324,17.505799,EXTREME_ASPECT_RATIO
203183,appearance.d20417.s17.c2.sc10,PUBLIC,MAINHAND,item\objectcomponents\weapon\stave_2h_long_a_03.m2,1.201561,2.403121,0.049566,0.056358,48.483255,EXTREME_ASPECT_RATIO
203184,appearance.d20418.s17.c2.sc10,PUBLIC,MAINHAND,item\objectcomponents\weapon\stave_2h_jeweled_a_03.m2,0.993953,1.987906,0.113557,0.128324,17.505799,EXTREME_ASPECT_RATIO
203186,appearance.d20420.s17.c2.sc10,PUBLIC,MAINHAND,item\objectcomponents\weapon\stave_2h_long_a_03.m2,1.201561,2.403121,0.049566,0.056358,48.483255,EXTREME_ASPECT_RATIO
203187,appearance.d20421.s17.c2.sc10,PUBLIC,MAINHAND,item\objectcomponents\weapon\stave_2h_long_a_03.m2,1.201561,2.403121,0.049566,0.056358,48.483255,EXTREME_ASPECT_RATIO
203188,appearance.d20423.s17.c2.sc10,PUBLIC,MAINHAND,item\objectcomponents\weapon\stave_2h_other_a_01.m2,1.189521,2.376651,0.063879,0.148946,37.205514,EXTREME_ASPECT_RATIO
203191,appearance.d20426.s17.c2.sc10,PUBLIC,MAINHAND,item\objectcomponents\weapon\stave_2h_other_a_01.m2,1.189521,2.376651,0.063879,0.148946,37.205514,EXTREME_ASPECT_RATIO
203193,appearance.d20429.s17.c2.sc10,PUBLIC,MAINHAND,item\objectcomponents\weapon\stave_2h_long_a_02.m2,1.28734,2.574679,0.097151,0.11021,26.501827,EXTREME_ASPECT_RATIO
203196,appearance.d20432.s17.c2.sc10,PUBLIC,MAINHAND,item\objectcomponents\weapon\stave_2h_other_a_01.m2,1.189521,2.376651,0.063879,0.148946,37.205514,EXTREME_ASPECT_RATIO
203197,appearance.d20434.s17.c2.sc10,PUBLIC,MAINHAND,item\objectcomponents\weapon\stave_2h_other_a_01.m2,1.189521,2.376651,0.063879,0.148946,37.205514,EXTREME_ASPECT_RATIO
203204,appearance.d20443.s17.c2.sc10,PUBLIC,MAINHAND,item\objectcomponents\weapon\stave_2h_long_a_02.m2,1.28734,2.574679,0.097151,0.11021,26.501827,EXTREME_ASPECT_RATIO
203205,appearance.d20444.s17.c2.sc10,PUBLIC,MAINHAND,item\objectcomponents\weapon\stave_2h_jeweled_a_01.m2,1.040729,2.081457,0.110537,0.124912,18.83041,EXTREME_ASPECT_RATIO
203206,appearance.d20446.s17.c2.sc10,PUBLIC,MAINHAND,item\objectcomponents\weapon\stave_2h_long_a_02.m2,1.28734,2.574679,0.097151,0.11021,26.501827,EXTREME_ASPECT_RATIO
203207,appearance.d20448.s17.c2.sc10,NONPUBLIC,MAINHAND,item\objectcomponents\weapon\stave_2h_jeweled_a_01.m2,1.040729,2.081457,0.110537,0.124912,18.83041,EXTREME_ASPECT_RATIO
203209,appearance.d20450.s17.c2.sc10,PUBLIC,MAINHAND,item\objectcomponents\weapon\stave_2h_other_a_01.m2,1.189521,2.376651,0.063879,0.148946,37.205514,EXTREME_ASPECT_RATIO
203226,appearance.d20550.s15.c2.sc2,NONPUBLIC,RANGED,item\objectcomponents\weapon\bow_1h_standard_b_01.m2,1.049476,1.72989,0.069941,0.633576,24.733561,EXTREME_ASPECT_RATIO
203227,appearance.d20552.s15.c2.sc2,PUBLIC,RANGED,item\objectcomponents\weapon\bow_1h_standard_c_02.m2,1.16304,1.976977,0.067398,0.617843,29.332873,EXTREME_ASPECT_RATIO
203228,appearance.d20553.s15.c2.sc2,PUBLIC,RANGED,item\objectcomponents\weapon\bow_1h_short_a_01.m2,1.068146,1.765619,0.094876,0.576256,18.609754,EXTREME_ASPECT_RATIO
203229,appearance.d20554.s15.c2.sc2,PUBLIC,RANGED,item\objectcomponents\weapon\bow_1h_standard_c_02.m2,1.16304,1.976977,0.067398,0.617843,29.332873,EXTREME_ASPECT_RATIO
203230,appearance.d20555.s15.c2.sc2,PUBLIC,RANGED,item\objectcomponents\weapon\bow_1h_standard_c_01.m2,1.062182,1.783298,0.063583,0.663696,28.046774,EXTREME_ASPECT_RATIO
203231,appearance.d20556.s15.c2.sc2,PUBLIC,RANGED,item\objectcomponents\weapon\bow_1h_standard_c_02.m2,1.16304,1.976977,0.067398,0.617843,29.332873,EXTREME_ASPECT_RATIO
203234,appearance.d20571.s13.c2.sc7,PUBLIC,MAINHAND,item\objectcomponents\weapon\sword_1h_long_d_01.m2,0.872122,1.744243,0.093242,0.453641,18.706624,EXTREME_ASPECT_RATIO
203263,appearance.d20649.s15.c2.sc2,PUBLIC,RANGED,item\objectcomponents\weapon\bow_1h_standard_c_01.m2,1.062182,1.783298,0.063583,0.663696,28.046774,EXTREME_ASPECT_RATIO
203264,appearance.d20650.s15.c2.sc2,PUBLIC,RANGED,item\objectcomponents\weapon\bow_1h_standard_c_02.m2,1.16304,1.976977,0.067398,0.617843,29.332873,EXTREME_ASPECT_RATIO
203265,appearance.d20652.s15.c2.sc2,PUBLIC,RANGED,item\objectcomponents\weapon\bow_1h_standard_b_02.m2,1.187731,1.958303,0.068972,0.763025,28.392725,EXTREME_ASPECT_RATIO
203266,appearance.d20653.s15.c2.sc2,PUBLIC,RANGED,item\objectcomponents\weapon\bow_1h_standard_b_02.m2,1.187731,1.958303,0.068972,0.763025,28.392725,EXTREME_ASPECT_RATIO
203268,appearance.d20660.s15.c2.sc2,PUBLIC,RANGED,item\objectcomponents\weapon\bow_1h_standard_b_01.m2,1.049476,1.72989,0.069941,0.633576,24.733561,EXTREME_ASPECT_RATIO
203271,appearance.d20664.s15.c2.sc2,PUBLIC,RANGED,item\objectcomponents\weapon\bow_1h_standard_c_01.m2,1.062182,1.783298,0.063583,0.663696,28.046774,EXTREME_ASPECT_RATIO
203272,appearance.d20666.s15.c2.sc2,PUBLIC,RANGED,item\objectcomponents\weapon\bow_1h_standard_b_01.m2,1.049476,1.72989,0.069941,0.633576,24.733561,EXTREME_ASPECT_RATIO
203273,appearance.d20667.s15.c2.sc2,PUBLIC,RANGED,item\objectcomponents\weapon\bow_1h_standard_b_02.m2,1.187731,1.958303,0.068972,0.763025,28.392725,EXTREME_ASPECT_RATIO
203274,appearance.d20668.s15.c2.sc2,PUBLIC,RANGED,item\objectcomponents\weapon\bow_1h_standard_b_01.m2,1.049476,1.72989,0.069941,0.633576,24.733561,EXTREME_ASPECT_RATIO
203275,appearance.d20669.s15.c2.sc2,PUBLIC,RANGED,item\objectcomponents\weapon\bow_1h_standard_b_01.m2,1.049476,1.72989,0.069941,0.633576,24.733561,EXTREME_ASPECT_RATIO
203276,appearance.d20670.s15.c2.sc2,PUBLIC,RANGED,item\objectcomponents\weapon\bow_1h_standard_b_02.m2,1.187731,1.958303,0.068972,0.763025,28.392725,EXTREME_ASPECT_RATIO
203277,appearance.d20671.s15.c2.sc2,PUBLIC,RANGED,item\objectcomponents\weapon\bow_1h_short_a_01.m2,1.068146,1.765619,0.094876,0.576256,18.609754,EXTREME_ASPECT_RATIO
203278,appearance.d20672.s15.c2.sc2,PUBLIC,RANGED,item\objectcomponents\weapon\bow_1h_standard_b_01.m2,1.049476,1.72989,0.069941,0.633576,24.733561,EXTREME_ASPECT_RATIO
203279,appearance.d20673.s15.c2.sc2,PUBLIC,RANGED,item\objectcomponents\weapon\bow_1h_standard_c_01.m2,1.062182,1.783298,0.063583,0.663696,28.046774,EXTREME_ASPECT_RATIO
203280,appearance.d20674.s15.c2.sc2,PUBLIC,RANGED,item\objectcomponents\weapon\bow_1h_standard_b_01.m2,1.049476,1.72989,0.069941,0.633576,24.733561,EXTREME_ASPECT_RATIO
203281,appearance.d20675.s15.c2.sc2,PUBLIC,RANGED,item\objectcomponents\weapon\bow_1h_standard_b_01.m2,1.049476,1.72989,0.069941,0.633576,24.733561,EXTREME_ASPECT_RATIO
203282,appearance.d20712.s15.c2.sc2,PUBLIC,RANGED,item\objectcomponents\weapon\bow_1h_standard_a_01.m2,0.831831,1.429662,0.063541,0.550509,22.499835,EXTREME_ASPECT_RATIO
203283,appearance.d20713.s15.c2.sc2,PUBLIC,RANGED,item\objectcomponents\weapon\bow_1h_standard_b_01.m2,1.049476,1.72989,0.069941,0.633576,24.733561,EXTREME_ASPECT_RATIO
203284,appearance.d20714.s15.c2.sc2,PUBLIC,RANGED,item\objectcomponents\weapon\bow_1h_short_a_01.m2,1.068146,1.765619,0.094876,0.576256,18.609754,EXTREME_ASPECT_RATIO
203288,appearance.d20719.s15.c2.sc2,PUBLIC,RANGED,item\objectcomponents\weapon\bow_1h_standard_a_02.m2,0.837893,1.429661,0.063541,0.482314,22.499819,EXTREME_ASPECT_RATIO
203289,appearance.d20720.s15.c2.sc2,PUBLIC,RANGED,item\objectcomponents\weapon\bow_1h_standard_a_02.m2,0.837893,1.429661,0.063541,0.482314,22.499819,EXTREME_ASPECT_RATIO
203291,appearance.d20722.s15.c2.sc2,PUBLIC,RANGED,item\objectcomponents\weapon\bow_1h_short_a_01.m2,1.068146,1.765619,0.094876,0.576256,18.609754,EXTREME_ASPECT_RATIO
203292,appearance.d20723.s15.c2.sc2,PUBLIC,RANGED,item\objectcomponents\weapon\bow_1h_standard_a_01.m2,0.831831,1.429662,0.063541,0.550509,22.499835,EXTREME_ASPECT_RATIO
203309,appearance.d20749.s17.c2.sc6,PUBLIC,MAINHAND,item\objectcomponents\weapon\polearm_2h_bladed_a_02.m2,1.096531,2.193062,0.081019,0.275417,27.06849,EXTREME_ASPECT_RATIO
203378,appearance.d21111.s15.c2.sc2,PUBLIC,RANGED,item\objectcomponents\weapon\bow_1h_standard_a_02.m2,0.837893,1.429661,0.063541,0.482314,22.499819,EXTREME_ASPECT_RATIO
203379,appearance.d21112.s15.c2.sc2,PUBLIC,RANGED,item\objectcomponents\weapon\bow_1h_standard_c_02.m2,1.16304,1.976977,0.067398,0.617843,29.332873,EXTREME_ASPECT_RATIO
203380,appearance.d21113.s15.c2.sc2,PUBLIC,RANGED,item\objectcomponents\weapon\bow_1h_short_a_01.m2,1.068146,1.765619,0.094876,0.576256,18.609754,EXTREME_ASPECT_RATIO
203385,appearance.d21192.s17.c2.sc8,NONPUBLIC,MAINHAND,item\objectcomponents\weapon\sword_2h_horde_c_02.m2,0.969279,1.938548,0.117577,0.475192,16.487476,EXTREME_ASPECT_RATIO
203387,appearance.d21194.s17.c2.sc8,NONPUBLIC,MAINHAND,item\objectcomponents\weapon\sword_2h_horde_c_03.m2,0.848015,1.696023,0.082715,0.420443,20.504419,EXTREME_ASPECT_RATIO
203411,appearance.d21341.s17.c2.sc10,NONPUBLIC,MAINHAND,item\objectcomponents\weapon\stave_2h_long_d_01.m2,1.217385,2.430926,0.10459,0.536933,23.242432,EXTREME_ASPECT_RATIO
203419,appearance.d21460.s17.c2.sc10,PUBLIC,MAINHAND,item\objectcomponents\weapon\stave_2h_long_b_04.m2,0.732804,1.448486,0.077128,0.216242,18.780287,EXTREME_ASPECT_RATIO
203423,appearance.d21513.s17.c2.sc10,NONPUBLIC,MAINHAND,item\objectcomponents\weapon\stave_2h_other_c_01.m2,1.124012,2.246688,0.133526,0.504585,16.825847,EXTREME_ASPECT_RATIO
203424,appearance.d21514.s17.c2.sc10,NONPUBLIC,MAINHAND,item\objectcomponents\weapon\stave_2h_other_c_01.m2,1.124012,2.246688,0.133526,0.504585,16.825847,EXTREME_ASPECT_RATIO
203432,appearance.d21555.s13.c2.sc8,NONPUBLIC,MAINHAND,item\objectcomponents\weapon\sword_2h_claymore_b_02.m2,0.929642,1.859284,0.084645,0.461327,21.965668,EXTREME_ASPECT_RATIO
203470,appearance.d21775.s17.c2.sc8,PUBLIC,MAINHAND,item\objectcomponents\weapon\sword_2h_broadsword_a_01.m2,0.897979,1.795958,0.101721,0.225879,17.655725,EXTREME_ASPECT_RATIO
203493,appearance.d21968.s17.c2.sc10,PUBLIC,MAINHAND,item\objectcomponents\weapon\stave_2h_long_d_01.m2,1.217385,2.430926,0.10459,0.536933,23.242432,EXTREME_ASPECT_RATIO
203495,appearance.d22031.s17.c2.sc6,NONPUBLIC,MAINHAND,item\objectcomponents\weapon\polearm_2h_trident_c_01.m2,1.500005,2.982529,0.094913,0.497418,31.42382,EXTREME_ASPECT_RATIO
203496,appearance.d22032.s17.c2.sc6,NONPUBLIC,MAINHAND,item\objectcomponents\weapon\polearm_2h_trident_b_01.m2,1.11926,2.238521,0.076089,0.435623,29.419772,EXTREME_ASPECT_RATIO
203504,appearance.d22079.s13.c2.sc7,PUBLIC,MAINHAND,item\objectcomponents\weapon\sword_1h_sabre_a_02.m2,0.580217,1.159211,0.066434,0.224464,17.449062,EXTREME_ASPECT_RATIO
203505,appearance.d22080.s21.c2.sc7,PUBLIC,MAINHAND,item\objectcomponents\weapon\sword_1h_long_a_03.m2,0.646229,1.292392,0.069523,0.312097,18.589416,EXTREME_ASPECT_RATIO
203507,appearance.d22084.s17.c2.sc8,PUBLIC,MAINHAND,item\objectcomponents\weapon\sword_2h_claymore_b_01.m2,0.935075,1.87015,0.065926,0.359245,28.367412,EXTREME_ASPECT_RATIO
203509,appearance.d22093.s17.c2.sc8,PUBLIC,MAINHAND,item\objectcomponents\weapon\sword_2h_claymore_a_01.m2,0.906324,1.812648,0.095631,0.396315,18.954607,EXTREME_ASPECT_RATIO
203510,appearance.d22094.s17.c2.sc8,PUBLIC,MAINHAND,item\objectcomponents\weapon\sword_2h_claymore_a_01.m2,0.906324,1.812648,0.095631,0.396315,18.954607,EXTREME_ASPECT_RATIO
203511,appearance.d22095.s17.c2.sc8,PUBLIC,MAINHAND,item\objectcomponents\weapon\sword_2h_claymore_a_02.m2,0.847707,1.695374,0.069523,0.25976,24.3858,EXTREME_ASPECT_RATIO
203512,appearance.d22096.s17.c2.sc8,PUBLIC,MAINHAND,item\objectcomponents\weapon\sword_2h_broadsword_a_03.m2,0.778061,1.556123,0.095531,0.269328,16.289194,EXTREME_ASPECT_RATIO
203514,appearance.d22098.s17.c2.sc8,PUBLIC,MAINHAND,item\objectcomponents\weapon\sword_2h_broadsword_a_02.m2,1.063181,2.126363,0.127151,0.325943,16.723132,EXTREME_ASPECT_RATIO
203544,appearance.d22144.s17.c2.sc10,PUBLIC,MAINHAND,item\objectcomponents\weapon\stave_2h_long_b_04.m2,0.732804,1.448486,0.077128,0.216242,18.780287,EXTREME_ASPECT_RATIO
203549,appearance.d22150.s17.c2.sc10,PUBLIC,MAINHAND,item\objectcomponents\weapon\stave_2h_jeweled_a_01.m2,1.040729,2.081457,0.110537,0.124912,18.83041,EXTREME_ASPECT_RATIO
203550,appearance.d22151.s17.c2.sc10,PUBLIC,MAINHAND,item\objectcomponents\weapon\stave_2h_long_b_01.m2,1.225709,2.451417,0.097104,0.110051,25.245273,EXTREME_ASPECT_RATIO
203570,appearance.d22227.s21.c2.sc7,PUBLIC,MAINHAND,item\objectcomponents\weapon\sword_1h_long_d_01.m2,0.872122,1.744243,0.093242,0.453641,18.706624,EXTREME_ASPECT_RATIO
203573,appearance.d22233.s17.c2.sc6,PUBLIC,MAINHAND,item\objectcomponents\weapon\polearm_2h_bladed_a_01.m2,1.1031,2.206199,0.121614,0.275417,18.140995,EXTREME_ASPECT_RATIO
203574,appearance.d22234.s17.c2.sc6,NONPUBLIC,MAINHAND,item\objectcomponents\weapon\polearm_2h_trident_b_01.m2,1.11926,2.238521,0.076089,0.435623,29.419772,EXTREME_ASPECT_RATIO
203575,appearance.d22235.s17.c2.sc6,PUBLIC,MAINHAND,item\objectcomponents\weapon\polearm_2h_bladed_a_02.m2,1.096531,2.193062,0.081019,0.275417,27.06849,EXTREME_ASPECT_RATIO
203576,appearance.d22238.s17.c2.sc6,PUBLIC,MAINHAND,item\objectcomponents\weapon\polearm_2h_bladed_a_01.m2,1.1031,2.206199,0.121614,0.275417,18.140995,EXTREME_ASPECT_RATIO
203577,appearance.d22239.s17.c2.sc6,PUBLIC,MAINHAND,item\objectcomponents\weapon\polearm_2h_bladed_a_02.m2,1.096531,2.193062,0.081019,0.275417,27.06849,EXTREME_ASPECT_RATIO
203578,appearance.d22241.s17.c2.sc6,PUBLIC,MAINHAND,item\objectcomponents\weapon\polearm_2h_bladed_a_01.m2,1.1031,2.206199,0.121614,0.275417,18.140995,EXTREME_ASPECT_RATIO
203579,appearance.d22242.s17.c2.sc6,NONPUBLIC,MAINHAND,item\objectcomponents\weapon\polearm_2h_bladed_a_02.m2,1.096531,2.193062,0.081019,0.275417,27.06849,EXTREME_ASPECT_RATIO
203584,appearance.d22252.s17.c2.sc10,PUBLIC,MAINHAND,item\objectcomponents\weapon\stave_2h_long_a_03.m2,1.201561,2.403121,0.049566,0.056358,48.483255,EXTREME_ASPECT_RATIO
203593,appearance.d22391.s17.c2.sc10,NONPUBLIC,MAINHAND,item\objectcomponents\weapon\stave_2h_other_c_01.m2,1.124012,2.246688,0.133526,0.504585,16.825847,EXTREME_ASPECT_RATIO
203595,appearance.d22394.s17.c2.sc10,NONPUBLIC,MAINHAND,item\objectcomponents\weapon\stave_2h_other_a_01.m2,1.189521,2.376651,0.063879,0.148946,37.205514,EXTREME_ASPECT_RATIO
203597,appearance.d22402.s17.c2.sc8,NONPUBLIC,MAINHAND,item\objectcomponents\weapon\sword_2h_horde_c_02.m2,0.969279,1.938548,0.117577,0.475192,16.487476,EXTREME_ASPECT_RATIO
203628,appearance.d22671.s25.c2.sc16,NONPUBLIC,RANGED,item\objectcomponents\weapon\polearm_2h_bladed_a_01.m2,1.1031,2.206199,0.121614,0.275417,18.140995,EXTREME_ASPECT_RATIO
203654,appearance.d22731.s17.c2.sc8,PUBLIC,MAINHAND,item\objectcomponents\weapon\sword_2h_horde_c_03.m2,0.848015,1.696023,0.082715,0.420443,20.504419,EXTREME_ASPECT_RATIO
203850,appearance.d23224.s17.c2.sc8,NONPUBLIC,MAINHAND,item\objectcomponents\weapon\sword_2h_claymore_b_02.m2,0.929642,1.859284,0.084645,0.461327,21.965668,EXTREME_ASPECT_RATIO
203865,appearance.d23264.s17.c2.sc8,PUBLIC,MAINHAND,item\objectcomponents\weapon\sword_2h_claymore_b_02.m2,0.929642,1.859284,0.084645,0.461327,21.965668,EXTREME_ASPECT_RATIO
203874,appearance.d23283.s17.c2.sc6,NONPUBLIC,MAINHAND,item\objectcomponents\weapon\polearm_2h_bladed_c_01.m2,1.09197,2.183686,0.082967,0.162036,26.319934,EXTREME_ASPECT_RATIO
203911,appearance.d23465.s17.c2.sc10,NONPUBLIC,MAINHAND,item\objectcomponents\weapon\stave_2h_other_a_01.m2,1.189521,2.376651,0.063879,0.148946,37.205514,EXTREME_ASPECT_RATIO
203921,appearance.d23508.s13.c2.sc8,NONPUBLIC,MAINHAND,item\objectcomponents\weapon\sword_2h_broadsword_a_01.m2,0.897979,1.795958,0.101721,0.225879,17.655725,EXTREME_ASPECT_RATIO
203961,appearance.d23639.s15.c2.sc2,NONPUBLIC,RANGED,item\objectcomponents\weapon\bow_1h_standard_b_02.m2,1.187731,1.958303,0.068972,0.763025,28.392725,EXTREME_ASPECT_RATIO
203962,appearance.d23656.s17.c2.sc8,NONPUBLIC,MAINHAND,item\objectcomponents\weapon\sword_2h_claymore_b_01.m2,0.935075,1.87015,0.065926,0.359245,28.367412,EXTREME_ASPECT_RATIO
203963,appearance.d23669.s17.c2.sc8,NONPUBLIC,MAINHAND,item\objectcomponents\weapon\sword_2h_claymore_b_02.m2,0.929642,1.859284,0.084645,0.461327,21.965668,EXTREME_ASPECT_RATIO
203964,appearance.d23673.s17.c2.sc10,PUBLIC,MAINHAND,item\objectcomponents\weapon\stave_2h_long_d_01.m2,1.217385,2.430926,0.10459,0.536933,23.242432,EXTREME_ASPECT_RATIO
203967,appearance.d23692.s13.c2.sc7,NONPUBLIC,MAINHAND,item\objectcomponents\weapon\sword_1h_long_b_01.m2,0.705841,1.411683,0.063618,0.413965,22.189993,EXTREME_ASPECT_RATIO
203975,appearance.d23734.s13.c2.sc7,PUBLIC,MAINHAND,item\objectcomponents\weapon\sword_1h_sabre_b_02.m2,0.663483,1.296368,0.073742,0.283322,17.579778,EXTREME_ASPECT_RATIO
203990,appearance.d23798.s13.c2.sc7,NONPUBLIC,MAINHAND,item\objectcomponents\weapon\sword_1h_long_b_02.m2,0.735474,1.470949,0.065926,0.359245,22.312123,EXTREME_ASPECT_RATIO
204006,appearance.d23875.s17.c2.sc8,NONPUBLIC,MAINHAND,item\objectcomponents\weapon\sword_2h_ashbringer.m2,1.414883,2.219906,0.08188,1.468238,27.1117,EXTREME_ASPECT_RATIO
204019,appearance.d23969.s17.c2.sc8,NONPUBLIC,MAINHAND,item\objectcomponents\weapon\sword_2h_claymore_b_02.m2,0.929642,1.859284,0.084645,0.461327,21.965668,EXTREME_ASPECT_RATIO
204023,appearance.d24014.s17.c2.sc10,NONPUBLIC,MAINHAND,item\objectcomponents\weapon\stave_2h_other_c_01.m2,1.124012,2.246688,0.133526,0.504585,16.825847,EXTREME_ASPECT_RATIO
204024,appearance.d24014.s23.c4.sc0,PUBLIC,HELD_IN_OFFHAND,item\objectcomponents\weapon\stave_2h_other_c_01.m2,1.124012,2.246688,0.133526,0.504585,16.825847,EXTREME_ASPECT_RATIO
204025,appearance.d24015.s17.c2.sc10,NONPUBLIC,MAINHAND,item\objectcomponents\weapon\stave_2h_other_c_01.m2,1.124012,2.246688,0.133526,0.504585,16.825847,EXTREME_ASPECT_RATIO
204026,appearance.d24016.s17.c2.sc10,NONPUBLIC,MAINHAND,item\objectcomponents\weapon\stave_2h_other_c_01.m2,1.124012,2.246688,0.133526,0.504585,16.825847,EXTREME_ASPECT_RATIO
204033,appearance.d24049.s17.c2.sc8,PUBLIC,MAINHAND,item\objectcomponents\weapon\sword_2h_broadsword_a_01.m2,0.897979,1.795958,0.101721,0.225879,17.655725,EXTREME_ASPECT_RATIO
204036,appearance.d24063.s17.c2.sc10,PUBLIC,MAINHAND,item\objectcomponents\weapon\stave_2h_long_a_03.m2,1.201561,2.403121,0.049566,0.056358,48.483255,EXTREME_ASPECT_RATIO
204064,appearance.d24166.s17.c2.sc8,PUBLIC,MAINHAND,item\objectcomponents\weapon\sword_2h_bastard_d_01.m2,0.958051,1.916102,0.099107,0.589121,19.33367,EXTREME_ASPECT_RATIO
204081,appearance.d24255.s17.c2.sc8,NONPUBLIC,MAINHAND,item\objectcomponents\weapon\sword_2h_horde_c_03.m2,0.848015,1.696023,0.082715,0.420443,20.504419,EXTREME_ASPECT_RATIO
204094,appearance.d24342.s17.c2.sc8,NONPUBLIC,MAINHAND,item\objectcomponents\weapon\sword_2h_horde_c_02.m2,0.969279,1.938548,0.117577,0.475192,16.487476,EXTREME_ASPECT_RATIO
204103,appearance.d24370.s17.c2.sc6,NONPUBLIC,MAINHAND,item\objectcomponents\weapon\polearm_2h_bladed_c_01.m2,1.09197,2.183686,0.082967,0.162036,26.319934,EXTREME_ASPECT_RATIO
204109,appearance.d24461.s17.c2.sc8,NONPUBLIC,MAINHAND,item\objectcomponents\weapon\sword_2h_horde_c_02.m2,0.969279,1.938548,0.117577,0.475192,16.487476,EXTREME_ASPECT_RATIO
204114,appearance.d24480.s17.c2.sc10,NONPUBLIC,MAINHAND,item\objectcomponents\weapon\stave_2h_other_c_01.m2,1.124012,2.246688,0.133526,0.504585,16.825847,EXTREME_ASPECT_RATIO
204191,appearance.d24813.s17.c2.sc8,NONPUBLIC,MAINHAND,item\objectcomponents\weapon\sword_2h_broadsword_a_01.m2,0.897979,1.795958,0.101721,0.225879,17.655725,EXTREME_ASPECT_RATIO
204199,appearance.d24925.s13.c2.sc7,NONPUBLIC,MAINHAND,item\objectcomponents\weapon\glave_1h_dualblade_b_01.m2,0.894262,1.767933,0.076575,0.270613,23.0876,EXTREME_ASPECT_RATIO
204203,appearance.d24930.s15.c2.sc2,NONPUBLIC,RANGED,item\objectcomponents\weapon\bow_1h_standard_c_01.m2,1.062182,1.783298,0.063583,0.663696,28.046774,EXTREME_ASPECT_RATIO
204204,appearance.d24931.s15.c2.sc2,NONPUBLIC,RANGED,item\objectcomponents\weapon\bow_1h_standard_c_02.m2,1.16304,1.976977,0.067398,0.617843,29.332873,EXTREME_ASPECT_RATIO
204224,appearance.d25036.s13.c2.sc7,PUBLIC,MAINHAND,item\objectcomponents\weapon\sword_1h_long_c_01.m2,0.728466,1.456932,0.078462,0.255199,18.568632,EXTREME_ASPECT_RATIO
204251,appearance.d25155.s17.c2.sc6,NONPUBLIC,MAINHAND,item\objectcomponents\weapon\polearm_2h_bladed_b_02.m2,1.12959,2.25918,0.076089,0.193408,29.691283,EXTREME_ASPECT_RATIO
204289,appearance.d25278.s17.c2.sc10,NONPUBLIC,MAINHAND,item\objectcomponents\weapon\stave_2h_other_a_01.m2,1.189521,2.376651,0.063879,0.148946,37.205514,EXTREME_ASPECT_RATIO
204311,appearance.d25504.s13.c2.sc0,NONPUBLIC,MAINHAND,item\objectcomponents\weapon\glave_1h_dualblade_c_01.m2,1.051915,2.057242,0.086785,0.440289,23.705041,EXTREME_ASPECT_RATIO
204312,appearance.d25506.s13.c2.sc7,NONPUBLIC,MAINHAND,item\objectcomponents\weapon\glave_1h_dualblade_a_01.m2,0.734208,1.462162,0.072929,0.135377,20.049116,EXTREME_ASPECT_RATIO
204313,appearance.d25507.s13.c2.sc7,NONPUBLIC,MAINHAND,item\objectcomponents\weapon\glave_1h_dualblade_a_03.m2,0.631476,1.262851,0.06287,0.184713,20.086703,EXTREME_ASPECT_RATIO
204314,appearance.d25508.s13.c2.sc7,NONPUBLIC,MAINHAND,item\objectcomponents\weapon\glave_1h_dualblade_b_01.m2,0.894262,1.767933,0.076575,0.270613,23.0876,EXTREME_ASPECT_RATIO
204316,appearance.d25510.s13.c2.sc7,NONPUBLIC,MAINHAND,item\objectcomponents\weapon\glave_1h_dualblade_b_03.m2,0.903646,1.807254,0.089484,0.292303,20.196393,EXTREME_ASPECT_RATIO
204317,appearance.d25511.s13.c2.sc7,NONPUBLIC,MAINHAND,item\objectcomponents\weapon\glave_1h_dualblade_c_01.m2,1.051915,2.057242,0.086785,0.440289,23.705041,EXTREME_ASPECT_RATIO
204330,appearance.d25602.s15.c2.sc2,PUBLIC,RANGED,item\objectcomponents\weapon\bow_1h_standard_c_01.m2,1.062182,1.783298,0.063583,0.663696,28.046774,EXTREME_ASPECT_RATIO
204331,appearance.d25603.s15.c2.sc2,PUBLIC,RANGED,item\objectcomponents\weapon\bow_1h_standard_c_01.m2,1.062182,1.783298,0.063583,0.663696,28.046774,EXTREME_ASPECT_RATIO
204332,appearance.d25604.s15.c2.sc2,PUBLIC,RANGED,item\objectcomponents\weapon\bow_1h_standard_c_01.m2,1.062182,1.783298,0.063583,0.663696,28.046774,EXTREME_ASPECT_RATIO
204333,appearance.d25606.s15.c2.sc2,PUBLIC,RANGED,item\objectcomponents\weapon\bow_1h_standard_c_02.m2,1.16304,1.976977,0.067398,0.617843,29.332873,EXTREME_ASPECT_RATIO
204348,appearance.d25630.s17.c2.sc6,PUBLIC,MAINHAND,item\objectcomponents\weapon\polearm_2h_bladed_a_02.m2,1.096531,2.193062,0.081019,0.275417,27.06849,EXTREME_ASPECT_RATIO
204349,appearance.d25631.s17.c2.sc6,PUBLIC,MAINHAND,item\objectcomponents\weapon\polearm_2h_bladed_b_02.m2,1.12959,2.25918,0.076089,0.193408,29.691283,EXTREME_ASPECT_RATIO
204350,appearance.d25632.s17.c2.sc6,PUBLIC,MAINHAND,item\objectcomponents\weapon\polearm_2h_bladed_b_02.m2,1.12959,2.25918,0.076089,0.193408,29.691283,EXTREME_ASPECT_RATIO
204351,appearance.d25633.s17.c2.sc6,PUBLIC,MAINHAND,item\objectcomponents\weapon\polearm_2h_bladed_b_02.m2,1.12959,2.25918,0.076089,0.193408,29.691283,EXTREME_ASPECT_RATIO
204942,appearance.d26463.s13.c2.sc7,PUBLIC,MAINHAND,item\objectcomponents\weapon\sword_1h_sabre_b_02.m2,0.663483,1.296368,0.073742,0.283322,17.579778,EXTREME_ASPECT_RATIO
204960,appearance.d26500.s17.c2.sc6,PUBLIC,MAINHAND,item\objectcomponents\weapon\polearm_2h_bladed_a_01.m2,1.1031,2.206199,0.121614,0.275417,18.140995,EXTREME_ASPECT_RATIO
204983,appearance.d26579.s13.c2.sc7,PUBLIC,MAINHAND,item\objectcomponents\weapon\sword_1h_long_a_02.m2,0.60358,1.207161,0.069523,0.275063,17.363477,EXTREME_ASPECT_RATIO
204984,appearance.d26585.s17.c2.sc8,PUBLIC,MAINHAND,item\objectcomponents\weapon\sword_2h_claymore_a_01.m2,0.906324,1.812648,0.095631,0.396315,18.954607,EXTREME_ASPECT_RATIO
204985,appearance.d26586.s17.c2.sc8,PUBLIC,MAINHAND,item\objectcomponents\weapon\sword_2h_broadsword_a_03.m2,0.778061,1.556123,0.095531,0.269328,16.289194,EXTREME_ASPECT_RATIO
204987,appearance.d26590.s17.c2.sc8,PUBLIC,MAINHAND,item\objectcomponents\weapon\sword_2h_claymore_a_02.m2,0.847707,1.695374,0.069523,0.25976,24.3858,EXTREME_ASPECT_RATIO
204996,appearance.d26598.s17.c2.sc6,NONPUBLIC,MAINHAND,item\objectcomponents\weapon\polearm_2h_trident_b_01.m2,1.11926,2.238521,0.076089,0.435623,29.419772,EXTREME_ASPECT_RATIO
205025,appearance.d26676.s17.c2.sc8,PUBLIC,MAINHAND,item\objectcomponents\weapon\sword_2h_claymore_b_01.m2,0.935075,1.87015,0.065926,0.359245,28.367412,EXTREME_ASPECT_RATIO
205508,appearance.d27492.s15.c2.sc2,PUBLIC,RANGED,item\objectcomponents\weapon\bow_1h_standard_c_02.m2,1.16304,1.976977,0.067398,0.617843,29.332873,EXTREME_ASPECT_RATIO
206012,appearance.d28225.s17.c2.sc10,PUBLIC,MAINHAND,item\objectcomponents\weapon\stave_2h_jeweled_a_03.m2,0.993953,1.987906,0.113557,0.128324,17.505799,EXTREME_ASPECT_RATIO
206022,appearance.d28235.s15.c2.sc2,NONPUBLIC,RANGED,item\objectcomponents\weapon\bow_1h_short_a_01.m2,1.068146,1.765619,0.094876,0.576256,18.609754,EXTREME_ASPECT_RATIO
206031,appearance.d28245.s17.c2.sc8,PUBLIC,MAINHAND,item\objectcomponents\weapon\sword_2h_claymore_a_01.m2,0.906324,1.812648,0.095631,0.396315,18.954607,EXTREME_ASPECT_RATIO
206082,appearance.d28308.s15.c2.sc2,PUBLIC,RANGED,item\objectcomponents\weapon\bow_1h_standard_b_01.m2,1.049476,1.72989,0.069941,0.633576,24.733561,EXTREME_ASPECT_RATIO
206083,appearance.d28309.s15.c2.sc2,PUBLIC,RANGED,item\objectcomponents\weapon\bow_1h_standard_c_01.m2,1.062182,1.783298,0.063583,0.663696,28.046774,EXTREME_ASPECT_RATIO
206090,appearance.d28316.s21.c2.sc7,PUBLIC,MAINHAND,item\objectcomponents\weapon\sword_1h_sabre_b_02.m2,0.663483,1.296368,0.073742,0.283322,17.579778,EXTREME_ASPECT_RATIO
206093,appearance.d28321.s17.c2.sc8,PUBLIC,MAINHAND,item\objectcomponents\weapon\sword_2h_claymore_b_02.m2,0.929642,1.859284,0.084645,0.461327,21.965668,EXTREME_ASPECT_RATIO
206094,appearance.d28322.s15.c2.sc2,PUBLIC,RANGED,item\objectcomponents\weapon\bow_1h_standard_c_02.m2,1.16304,1.976977,0.067398,0.617843,29.332873,EXTREME_ASPECT_RATIO
206112,appearance.d28344.s15.c2.sc2,PUBLIC,RANGED,item\objectcomponents\weapon\bow_1h_standard_b_01.m2,1.049476,1.72989,0.069941,0.633576,24.733561,EXTREME_ASPECT_RATIO
206115,appearance.d28347.s17.c2.sc8,PUBLIC,MAINHAND,item\objectcomponents\weapon\sword_2h_claymore_b_02.m2,0.929642,1.859284,0.084645,0.461327,21.965668,EXTREME_ASPECT_RATIO
206197,appearance.d28458.s13.c2.sc7,PUBLIC,MAINHAND,item\objectcomponents\weapon\sword_1h_long_b_02.m2,0.735474,1.470949,0.065926,0.359245,22.312123,EXTREME_ASPECT_RATIO
206203,appearance.d28466.s23.c4.sc0,PUBLIC,HELD_IN_OFFHAND,item\objectcomponents\weapon\stave_2h_long_a_02.m2,1.28734,2.574679,0.097151,0.11021,26.501827,EXTREME_ASPECT_RATIO
206207,appearance.d28470.s17.c2.sc10,PUBLIC,MAINHAND,item\objectcomponents\weapon\stave_2h_long_c_02.m2,1.198592,2.370163,0.143702,0.35891,16.493598,EXTREME_ASPECT_RATIO
206214,appearance.d28478.s23.c4.sc0,PUBLIC,HELD_IN_OFFHAND,item\objectcomponents\weapon\stave_2h_long_b_01.m2,1.225709,2.451417,0.097104,0.110051,25.245273,EXTREME_ASPECT_RATIO
206217,appearance.d28481.s23.c4.sc0,PUBLIC,HELD_IN_OFFHAND,item\objectcomponents\weapon\stave_2h_long_b_04.m2,0.732804,1.448486,0.077128,0.216242,18.780287,EXTREME_ASPECT_RATIO
206224,appearance.d28489.s23.c4.sc0,PUBLIC,HELD_IN_OFFHAND,item\objectcomponents\weapon\stave_2h_long_d_01.m2,1.217385,2.430926,0.10459,0.536933,23.242432,EXTREME_ASPECT_RATIO
206226,appearance.d28491.s23.c4.sc0,PUBLIC,HELD_IN_OFFHAND,item\objectcomponents\weapon\stave_2h_long_a_03.m2,1.201561,2.403121,0.049566,0.056358,48.483255,EXTREME_ASPECT_RATIO
206227,appearance.d28492.s23.c4.sc0,PUBLIC,HELD_IN_OFFHAND,item\objectcomponents\weapon\stave_2h_long_a_02.m2,1.28734,2.574679,0.097151,0.11021,26.501827,EXTREME_ASPECT_RATIO
206232,appearance.d28502.s17.c2.sc10,PUBLIC,MAINHAND,item\objectcomponents\weapon\stave_2h_long_b_03.m2,1.227987,2.455123,0.080802,0.210225,30.384434,EXTREME_ASPECT_RATIO
206237,appearance.d28510.s23.c4.sc0,PUBLIC,HELD_IN_OFFHAND,item\objectcomponents\weapon\stave_2h_jeweled_a_01.m2,1.040729,2.081457,0.110537,0.124912,18.83041,EXTREME_ASPECT_RATIO
206241,appearance.d28513.s17.c2.sc10,PUBLIC,MAINHAND,item\objectcomponents\weapon\stave_2h_long_c_01.m2,1.177365,2.35473,0.097209,0.302856,24.223374,EXTREME_ASPECT_RATIO
206242,appearance.d28513.s23.c4.sc0,PUBLIC,HELD_IN_OFFHAND,item\objectcomponents\weapon\stave_2h_long_c_01.m2,1.177365,2.35473,0.097209,0.302856,24.223374,EXTREME_ASPECT_RATIO
206244,appearance.d28515.s15.c2.sc2,PUBLIC,RANGED,item\objectcomponents\weapon\bow_1h_standard_c_02.m2,1.16304,1.976977,0.067398,0.617843,29.332873,EXTREME_ASPECT_RATIO
206246,appearance.d28517.s17.c2.sc8,PUBLIC,MAINHAND,item\objectcomponents\weapon\sword_2h_claymore_b_02.m2,0.929642,1.859284,0.084645,0.461327,21.965668,EXTREME_ASPECT_RATIO
206257,appearance.d28529.s17.c2.sc8,PUBLIC,MAINHAND,item\objectcomponents\weapon\sword_2h_broadsword_a_03.m2,0.778061,1.556123,0.095531,0.269328,16.289194,EXTREME_ASPECT_RATIO
206262,appearance.d28535.s17.c2.sc8,PUBLIC,MAINHAND,item\objectcomponents\weapon\sword_2h_claymore_a_02.m2,0.847707,1.695374,0.069523,0.25976,24.3858,EXTREME_ASPECT_RATIO
206263,appearance.d28536.s17.c2.sc8,PUBLIC,MAINHAND,item\objectcomponents\weapon\sword_2h_claymore_b_01.m2,0.935075,1.87015,0.065926,0.359245,28.367412,EXTREME_ASPECT_RATIO
206269,appearance.d28543.s15.c2.sc2,PUBLIC,RANGED,item\objectcomponents\weapon\bow_1h_standard_b_01.m2,1.049476,1.72989,0.069941,0.633576,24.733561,EXTREME_ASPECT_RATIO
206271,appearance.d28545.s15.c2.sc2,PUBLIC,RANGED,item\objectcomponents\weapon\bow_1h_short_a_01.m2,1.068146,1.765619,0.094876,0.576256,18.609754,EXTREME_ASPECT_RATIO
206273,appearance.d28547.s15.c2.sc2,PUBLIC,RANGED,item\objectcomponents\weapon\bow_1h_standard_c_01.m2,1.062182,1.783298,0.063583,0.663696,28.046774,EXTREME_ASPECT_RATIO
206281,appearance.d28561.s13.c2.sc7,PUBLIC,MAINHAND,item\objectcomponents\weapon\sword_1h_long_b_01.m2,0.705841,1.411683,0.063618,0.413965,22.189993,EXTREME_ASPECT_RATIO
206286,appearance.d28567.s13.c2.sc7,PUBLIC,MAINHAND,item\objectcomponents\weapon\sword_1h_long_a_03.m2,0.646229,1.292392,0.069523,0.312097,18.589416,EXTREME_ASPECT_RATIO
206291,appearance.d28572.s15.c2.sc2,PUBLIC,RANGED,item\objectcomponents\weapon\bow_1h_standard_b_01.m2,1.049476,1.72989,0.069941,0.633576,24.733561,EXTREME_ASPECT_RATIO
206293,appearance.d28575.s15.c2.sc2,PUBLIC,RANGED,item\objectcomponents\weapon\bow_1h_standard_b_01.m2,1.049476,1.72989,0.069941,0.633576,24.733561,EXTREME_ASPECT_RATIO
206305,appearance.d28592.s17.c2.sc10,PUBLIC,MAINHAND,item\objectcomponents\weapon\stave_2h_long_a_03.m2,1.201561,2.403121,0.049566,0.056358,48.483255,EXTREME_ASPECT_RATIO
206306,appearance.d28593.s13.c2.sc7,PUBLIC,MAINHAND,item\objectcomponents\weapon\sword_1h_sabre_a_02.m2,0.580217,1.159211,0.066434,0.224464,17.449062,EXTREME_ASPECT_RATIO
206319,appearance.d28610.s17.c2.sc10,PUBLIC,MAINHAND,item\objectcomponents\weapon\stave_2h_jeweled_a_01.m2,1.040729,2.081457,0.110537,0.124912,18.83041,EXTREME_ASPECT_RATIO
206327,appearance.d28624.s17.c2.sc8,PUBLIC,MAINHAND,item\objectcomponents\weapon\sword_2h_horde_c_02.m2,0.969279,1.938548,0.117577,0.475192,16.487476,EXTREME_ASPECT_RATIO
206366,appearance.d28672.s17.c2.sc6,PUBLIC,MAINHAND,item\objectcomponents\weapon\polearm_2h_bladed_b_02.m2,1.12959,2.25918,0.076089,0.193408,29.691283,EXTREME_ASPECT_RATIO
206370,appearance.d28676.s13.c2.sc7,PUBLIC,MAINHAND,item\objectcomponents\weapon\sword_1h_long_a_03.m2,0.646229,1.292392,0.069523,0.312097,18.589416,EXTREME_ASPECT_RATIO
206372,appearance.d28678.s17.c2.sc8,PUBLIC,MAINHAND,item\objectcomponents\weapon\sword_2h_broadsword_a_01.m2,0.897979,1.795958,0.101721,0.225879,17.655725,EXTREME_ASPECT_RATIO
206389,appearance.d28699.s17.c2.sc10,PUBLIC,MAINHAND,item\objectcomponents\weapon\stave_2h_jeweled_a_03.m2,0.993953,1.987906,0.113557,0.128324,17.505799,EXTREME_ASPECT_RATIO
206396,appearance.d28707.s17.c2.sc8,PUBLIC,MAINHAND,item\objectcomponents\weapon\sword_2h_claymore_b_01.m2,0.935075,1.87015,0.065926,0.359245,28.367412,EXTREME_ASPECT_RATIO
206443,appearance.d28758.s17.c2.sc6,PUBLIC,MAINHAND,item\objectcomponents\weapon\polearm_2h_bladed_a_02.m2,1.096531,2.193062,0.081019,0.275417,27.06849,EXTREME_ASPECT_RATIO
206447,appearance.d28764.s17.c2.sc6,PUBLIC,MAINHAND,item\objectcomponents\weapon\polearm_2h_bladed_b_02.m2,1.12959,2.25918,0.076089,0.193408,29.691283,EXTREME_ASPECT_RATIO
206449,appearance.d28766.s15.c2.sc2,PUBLIC,RANGED,item\objectcomponents\weapon\bow_1h_standard_c_01.m2,1.062182,1.783298,0.063583,0.663696,28.046774,EXTREME_ASPECT_RATIO
206451,appearance.d28768.s17.c2.sc8,PUBLIC,MAINHAND,item\objectcomponents\weapon\sword_2h_claymore_b_01.m2,0.935075,1.87015,0.065926,0.359245,28.367412,EXTREME_ASPECT_RATIO
206455,appearance.d28772.s15.c2.sc2,PUBLIC,RANGED,item\objectcomponents\weapon\bow_1h_standard_c_01.m2,1.062182,1.783298,0.063583,0.663696,28.046774,EXTREME_ASPECT_RATIO
206462,appearance.d28780.s15.c2.sc2,PUBLIC,RANGED,item\objectcomponents\weapon\bow_1h_standard_c_01.m2,1.062182,1.783298,0.063583,0.663696,28.046774,EXTREME_ASPECT_RATIO
206471,appearance.d28790.s17.c2.sc6,PUBLIC,MAINHAND,item\objectcomponents\weapon\polearm_2h_bladed_a_02.m2,1.096531,2.193062,0.081019,0.275417,27.06849,EXTREME_ASPECT_RATIO
206480,appearance.d28801.s15.c2.sc2,PUBLIC,RANGED,item\objectcomponents\weapon\bow_1h_standard_c_01.m2,1.062182,1.783298,0.063583,0.663696,28.046774,EXTREME_ASPECT_RATIO
206490,appearance.d28813.s15.c2.sc2,PUBLIC,RANGED,item\objectcomponents\weapon\bow_1h_standard_a_02.m2,0.837893,1.429661,0.063541,0.482314,22.499819,EXTREME_ASPECT_RATIO
206502,appearance.d28827.s15.c2.sc2,NONPUBLIC,RANGED,item\objectcomponents\weapon\bow_1h_standard_b_02.m2,1.187731,1.958303,0.068972,0.763025,28.392725,EXTREME_ASPECT_RATIO
206503,appearance.d28827.s15.c4.sc2,NONPUBLIC,RANGED,item\objectcomponents\weapon\bow_1h_standard_b_02.m2,1.187731,1.958303,0.068972,0.763025,28.392725,EXTREME_ASPECT_RATIO
206508,appearance.d28836.s17.c2.sc10,PUBLIC,MAINHAND,item\objectcomponents\weapon\stave_2h_long_a_02.m2,1.28734,2.574679,0.097151,0.11021,26.501827,EXTREME_ASPECT_RATIO
206564,appearance.d29170.s17.c2.sc8,NONPUBLIC,MAINHAND,item\objectcomponents\weapon\sword_2h_horde_c_03.m2,0.848015,1.696023,0.082715,0.420443,20.504419,EXTREME_ASPECT_RATIO
206566,appearance.d29176.s17.c2.sc6,PUBLIC,MAINHAND,item\objectcomponents\weapon\polearm_2h_trident_c_01.m2,1.500005,2.982529,0.094913,0.497418,31.42382,EXTREME_ASPECT_RATIO
206567,appearance.d29191.s17.c2.sc6,NONPUBLIC,MAINHAND,item\objectcomponents\weapon\polearm_2h_trident_c_01.m2,1.500005,2.982529,0.094913,0.497418,31.42382,EXTREME_ASPECT_RATIO
206571,appearance.d29397.s13.c2.sc0,NONPUBLIC,MAINHAND,item\objectcomponents\weapon\glave_1h_dualblade_c_01.m2,1.051915,2.057242,0.086785,0.440289,23.705041,EXTREME_ASPECT_RATIO
206583,appearance.d29677.s21.c2.sc7,PUBLIC,MAINHAND,item\objectcomponents\weapon\sword_1h_long_b_01.m2,0.705841,1.411683,0.063618,0.413965,22.189993,EXTREME_ASPECT_RATIO
206588,appearance.d29703.s17.c2.sc10,PUBLIC,MAINHAND,item\objectcomponents\weapon\stave_2h_other_c_01.m2,1.124012,2.246688,0.133526,0.504585,16.825847,EXTREME_ASPECT_RATIO
206638,appearance.d29932.s15.c2.sc2,PUBLIC,RANGED,item\objectcomponents\weapon\bow_1h_standard_b_01.m2,1.049476,1.72989,0.069941,0.633576,24.733561,EXTREME_ASPECT_RATIO
206739,appearance.d30517.s17.c2.sc10,NONPUBLIC,MAINHAND,item\objectcomponents\weapon\stave_2h_other_c_01.m2,1.124012,2.246688,0.133526,0.504585,16.825847,EXTREME_ASPECT_RATIO
206769,appearance.d30638.s13.c2.sc0,NONPUBLIC,MAINHAND,item\objectcomponents\weapon\glave_1h_dualblade_b_03.m2,0.903646,1.807254,0.089484,0.292303,20.196393,EXTREME_ASPECT_RATIO
206781,appearance.d30673.s13.c2.sc7,PUBLIC,MAINHAND,item\objectcomponents\weapon\sword_1h_machete_b_01.m2,0.723998,1.405818,0.061774,0.346942,22.757438,EXTREME_ASPECT_RATIO
206786,appearance.d30683.s15.c2.sc2,PUBLIC,RANGED,item\objectcomponents\weapon\bow_1h_standard_a_01.m2,0.831831,1.429662,0.063541,0.550509,22.499835,EXTREME_ASPECT_RATIO
206823,appearance.d30778.s17.c2.sc8,PUBLIC,MAINHAND,item\objectcomponents\weapon\sword_2h_broadsword_a_03.m2,0.778061,1.556123,0.095531,0.269328,16.289194,EXTREME_ASPECT_RATIO
206875,appearance.d30870.s17.c2.sc10,NONPUBLIC,MAINHAND,item\objectcomponents\weapon\stave_2h_long_c_01.m2,1.177365,2.35473,0.097209,0.302856,24.223374,EXTREME_ASPECT_RATIO
206876,appearance.d30870.s21.c2.sc10,NONPUBLIC,MAINHAND,item\objectcomponents\weapon\stave_2h_long_c_01.m2,1.177365,2.35473,0.097209,0.302856,24.223374,EXTREME_ASPECT_RATIO
206881,appearance.d30886.s17.c2.sc8,NONPUBLIC,MAINHAND,item\objectcomponents\weapon\sword_2h_korean_c_01.m2,0.900143,1.791861,0.103375,0.180499,17.333601,EXTREME_ASPECT_RATIO
206984,appearance.d31163.s17.c2.sc10,NONPUBLIC,MAINHAND,item\objectcomponents\weapon\stave_2h_other_a_01.m2,1.189521,2.376651,0.063879,0.148946,37.205514,EXTREME_ASPECT_RATIO
206989,appearance.d31174.s17.c2.sc6,PUBLIC,MAINHAND,item\objectcomponents\weapon\polearm_2h_trident_b_01.m2,1.11926,2.238521,0.076089,0.435623,29.419772,EXTREME_ASPECT_RATIO
207019,appearance.d31240.s15.c2.sc2,PUBLIC,RANGED,item\objectcomponents\weapon\bow_1h_standard_b_02.m2,1.187731,1.958303,0.068972,0.763025,28.392725,EXTREME_ASPECT_RATIO
207027,appearance.d31250.s21.c2.sc10,NONPUBLIC,MAINHAND,item\objectcomponents\weapon\stave_2h_long_d_01.m2,1.217385,2.430926,0.10459,0.536933,23.242432,EXTREME_ASPECT_RATIO
207067,appearance.d31400.s13.c2.sc7,PUBLIC,MAINHAND,item\objectcomponents\weapon\sword_1h_long_a_02.m2,0.60358,1.207161,0.069523,0.275063,17.363477,EXTREME_ASPECT_RATIO
207082,appearance.d31419.s13.c2.sc7,NONPUBLIC,MAINHAND,item\objectcomponents\weapon\sword_1h_long_b_02.m2,0.735474,1.470949,0.065926,0.359245,22.312123,EXTREME_ASPECT_RATIO
207083,appearance.d31419.s21.c2.sc7,PUBLIC,MAINHAND,item\objectcomponents\weapon\sword_1h_long_b_02.m2,0.735474,1.470949,0.065926,0.359245,22.312123,EXTREME_ASPECT_RATIO
207084,appearance.d31424.s13.c2.sc7,NONPUBLIC,MAINHAND,item\objectcomponents\weapon\sword_1h_long_b_01.m2,0.705841,1.411683,0.063618,0.413965,22.189993,EXTREME_ASPECT_RATIO
207118,appearance.d31608.s17.c2.sc10,PUBLIC,MAINHAND,item\objectcomponents\weapon\stave_2h_long_d_01.m2,1.217385,2.430926,0.10459,0.536933,23.242432,EXTREME_ASPECT_RATIO
207122,appearance.d31613.s17.c2.sc6,PUBLIC,MAINHAND,item\objectcomponents\weapon\polearm_2h_bladed_c_01.m2,1.09197,2.183686,0.082967,0.162036,26.319934,EXTREME_ASPECT_RATIO
207164,appearance.d31720.s17.c2.sc6,NONPUBLIC,MAINHAND,item\objectcomponents\weapon\polearm_2h_bladed_c_01.m2,1.09197,2.183686,0.082967,0.162036,26.319934,EXTREME_ASPECT_RATIO
207259,appearance.d31966.s13.c2.sc7,PUBLIC,MAINHAND,item\objectcomponents\weapon\sword_1h_pvpalliance_a_01.m2,1.017563,2.035127,0.121281,0.546679,16.780262,EXTREME_ASPECT_RATIO
207306,appearance.d32077.s13.c2.sc7,PUBLIC,MAINHAND,item\objectcomponents\weapon\sword_1h_long_b_02.m2,0.735474,1.470949,0.065926,0.359245,22.312123,EXTREME_ASPECT_RATIO
207307,appearance.d32077.s21.c2.sc7,PUBLIC,MAINHAND,item\objectcomponents\weapon\sword_1h_long_b_02.m2,0.735474,1.470949,0.065926,0.359245,22.312123,EXTREME_ASPECT_RATIO
207310,appearance.d32081.s15.c2.sc2,PUBLIC,RANGED,item\objectcomponents\weapon\bow_1h_standard_c_02.m2,1.16304,1.976977,0.067398,0.617843,29.332873,EXTREME_ASPECT_RATIO
207365,appearance.d32199.s17.c2.sc8,PUBLIC,MAINHAND,item\objectcomponents\weapon\sword_2h_horde_c_03.m2,0.848015,1.696023,0.082715,0.420443,20.504419,EXTREME_ASPECT_RATIO
207414,appearance.d32430.s17.c2.sc6,PUBLIC,MAINHAND,item\objectcomponents\weapon\misc_2h_harpoon_b_01.m2,1.14059,2.281167,0.085418,0.216081,26.705928,EXTREME_ASPECT_RATIO
207418,appearance.d32446.s17.c2.sc6,PUBLIC,MAINHAND,item\objectcomponents\weapon\misc_2h_pitchfork_a_01.m2,1.22661,2.431889,0.108334,0.447223,22.448068,EXTREME_ASPECT_RATIO
207420,appearance.d32450.s17.c2.sc10,PUBLIC,MAINHAND,item\objectcomponents\weapon\stave_2h_long_b_01.m2,1.225709,2.451417,0.097104,0.110051,25.245273,EXTREME_ASPECT_RATIO
207421,appearance.d32490.s13.c2.sc8,NONPUBLIC,MAINHAND,item\objectcomponents\weapon\sword_2h_claymore_b_01.m2,0.935075,1.87015,0.065926,0.359245,28.367412,EXTREME_ASPECT_RATIO
207468,appearance.d32717.s17.c2.sc6,PUBLIC,MAINHAND,item\objectcomponents\weapon\polearm_2h_bladed_a_02.m2,1.096531,2.193062,0.081019,0.275417,27.06849,EXTREME_ASPECT_RATIO
207523,appearance.d32909.s17.c2.sc10,NONPUBLIC,MAINHAND,item\objectcomponents\weapon\stave_2h_other_a_01.m2,1.189521,2.376651,0.063879,0.148946,37.205514,EXTREME_ASPECT_RATIO
207559,appearance.d33033.s17.c2.sc8,PUBLIC,MAINHAND,item\objectcomponents\weapon\sword_2h_claymore_b_02.m2,0.929642,1.859284,0.084645,0.461327,21.965668,EXTREME_ASPECT_RATIO
207574,appearance.d33068.s15.c2.sc2,PUBLIC,RANGED,item\objectcomponents\weapon\bow_1h_standard_c_01.m2,1.062182,1.783298,0.063583,0.663696,28.046774,EXTREME_ASPECT_RATIO
207588,appearance.d33087.s17.c2.sc10,PUBLIC,MAINHAND,item\objectcomponents\weapon\stave_2h_scythe_c_03.m2,1.084468,1.982252,0.105771,1.019423,18.740978,EXTREME_ASPECT_RATIO
207609,appearance.d33123.s17.c2.sc8,PUBLIC,MAINHAND,item\objectcomponents\weapon\sword_2h_claymore_a_01.m2,0.906324,1.812648,0.095631,0.396315,18.954607,EXTREME_ASPECT_RATIO
207652,appearance.d33254.s17.c2.sc10,PUBLIC,MAINHAND,item\objectcomponents\weapon\stave_2h_blood_a_02.m2,1.222557,2.442897,0.102487,0.405589,23.836165,EXTREME_ASPECT_RATIO
207673,appearance.d33299.s17.c2.sc1,NONPUBLIC,MAINHAND,item\objectcomponents\weapon\stave_2h_blood_a_01.m2,1.201437,2.392849,0.105193,0.329812,22.747227,EXTREME_ASPECT_RATIO
207674,appearance.d33299.s17.c2.sc5,NONPUBLIC,MAINHAND,item\objectcomponents\weapon\stave_2h_blood_a_01.m2,1.201437,2.392849,0.105193,0.329812,22.747227,EXTREME_ASPECT_RATIO
207675,appearance.d33299.s17.c2.sc6,NONPUBLIC,MAINHAND,item\objectcomponents\weapon\stave_2h_blood_a_01.m2,1.201437,2.392849,0.105193,0.329812,22.747227,EXTREME_ASPECT_RATIO
207676,appearance.d33299.s17.c2.sc8,NONPUBLIC,MAINHAND,item\objectcomponents\weapon\stave_2h_blood_a_01.m2,1.201437,2.392849,0.105193,0.329812,22.747227,EXTREME_ASPECT_RATIO
207677,appearance.d33299.s17.c2.sc10,NONPUBLIC,MAINHAND,item\objectcomponents\weapon\stave_2h_blood_a_01.m2,1.201437,2.392849,0.105193,0.329812,22.747227,EXTREME_ASPECT_RATIO
207937,appearance.d34128.s13.c2.sc7,NONPUBLIC,MAINHAND,item\objectcomponents\weapon\sword_1h_pvpalliance_a_01.m2,1.017563,2.035127,0.121281,0.546679,16.780262,EXTREME_ASPECT_RATIO
208074,appearance.d34513.s13.c2.sc15,PUBLIC,MAINHAND,item\objectcomponents\weapon\knife_1h_ahnqiraj_d_02.m2,0.586032,1.164852,0.072482,0.318451,16.070914,EXTREME_ASPECT_RATIO
208198,appearance.d34794.s17.c2.sc6,PUBLIC,MAINHAND,item\objectcomponents\weapon\polearm_2h_bladed_b_02.m2,1.12959,2.25918,0.076089,0.193408,29.691283,EXTREME_ASPECT_RATIO
208200,appearance.d34800.s15.c2.sc2,PUBLIC,RANGED,item\objectcomponents\weapon\bow_1h_standard_c_02.m2,1.16304,1.976977,0.067398,0.617843,29.332873,EXTREME_ASPECT_RATIO
208204,appearance.d34810.s13.c2.sc7,PUBLIC,MAINHAND,item\objectcomponents\weapon\sword_1h_long_c_01.m2,0.728466,1.456932,0.078462,0.255199,18.568632,EXTREME_ASPECT_RATIO
208209,appearance.d34850.s13.c2.sc7,PUBLIC,MAINHAND,item\objectcomponents\weapon\sword_1h_long_a_01.m2,0.643891,1.287781,0.049659,0.291243,25.93248,EXTREME_ASPECT_RATIO
208223,appearance.d34939.s17.c2.sc10,PUBLIC,MAINHAND,item\objectcomponents\weapon\stave_2h_long_b_03.m2,1.227987,2.455123,0.080802,0.210225,30.384434,EXTREME_ASPECT_RATIO
208302,appearance.d35244.s21.c2.sc15,NONPUBLIC,MAINHAND,item\objectcomponents\weapon\knife_1h_stratholme_d_02.m2,0.438364,0.875617,0.04284,0.262613,20.439239,EXTREME_ASPECT_RATIO
208303,appearance.d35245.s13.c2.sc15,PUBLIC,MAINHAND,item\objectcomponents\weapon\knife_1h_stratholme_d_01.m2,0.484403,0.945085,0.053657,0.235761,17.613452,EXTREME_ASPECT_RATIO
208304,appearance.d35246.s13.c2.sc15,NONPUBLIC,MAINHAND,item\objectcomponents\weapon\knife_1h_stratholme_d_03.m2,0.465173,0.930346,0.039471,0.291785,23.570368,EXTREME_ASPECT_RATIO
208311,appearance.d35259.s17.c2.sc6,PUBLIC,MAINHAND,item\objectcomponents\weapon\polearm_2h_stratholme_d_01.m2,1.351857,2.680932,0.087769,0.350255,30.545318,EXTREME_ASPECT_RATIO
208331,appearance.d35363.s17.c2.sc10,PUBLIC,MAINHAND,item\objectcomponents\weapon\stave_2h_blood_a_01.m2,1.201437,2.392849,0.105193,0.329812,22.747227,EXTREME_ASPECT_RATIO
208341,appearance.d35392.s17.c2.sc8,PUBLIC,MAINHAND,item\objectcomponents\weapon\sword_2h_blood_a_02.m2,0.911804,1.804491,0.091809,0.270041,19.654838,EXTREME_ASPECT_RATIO
208382,appearance.d35571.s13.c2.sc7,PUBLIC,MAINHAND,item\objectcomponents\weapon\sword_1h_long_b_01.m2,0.705841,1.411683,0.063618,0.413965,22.189993,EXTREME_ASPECT_RATIO
208409,appearance.d35709.s13.c2.sc15,NONPUBLIC,MAINHAND,item\objectcomponents\weapon\knife_1h_stratholme_d_01.m2,0.484403,0.945085,0.053657,0.235761,17.613452,EXTREME_ASPECT_RATIO
208413,appearance.d35716.s13.c2.sc7,NONPUBLIC,MAINHAND,item\objectcomponents\weapon\knife_1h_ahnqiraj_d_02.m2,0.586032,1.164852,0.072482,0.318451,16.070914,EXTREME_ASPECT_RATIO
208439,appearance.d35839.s17.c2.sc8,NONPUBLIC,MAINHAND,item\objectcomponents\weapon\sword_2h_bastard_d_01.m2,0.958051,1.916102,0.099107,0.589121,19.33367,EXTREME_ASPECT_RATIO
208440,appearance.d35855.s17.c2.sc10,NONPUBLIC,MAINHAND,item\objectcomponents\weapon\stave_2h_other_a_01.m2,1.189521,2.376651,0.063879,0.148946,37.205514,EXTREME_ASPECT_RATIO
208454,appearance.d35962.s17.c2.sc8,PUBLIC,MAINHAND,item\objectcomponents\weapon\sword_2h_broadsword_a_02.m2,1.063181,2.126363,0.127151,0.325943,16.723132,EXTREME_ASPECT_RATIO
208484,appearance.d36066.s13.c2.sc7,PUBLIC,MAINHAND,item\objectcomponents\weapon\sword_1h_pvpalliance_a_01.m2,1.017563,2.035127,0.121281,0.546679,16.780262,EXTREME_ASPECT_RATIO
208515,appearance.d36255.s17.c2.sc8,NONPUBLIC,MAINHAND,item\objectcomponents\weapon\sword_2h_claymore_b_01.m2,0.935075,1.87015,0.065926,0.359245,28.367412,EXTREME_ASPECT_RATIO
208528,appearance.d36317.s17.c2.sc10,PUBLIC,MAINHAND,item\objectcomponents\weapon\stave_2h_long_a_03.m2,1.201561,2.403121,0.049566,0.056358,48.483255,EXTREME_ASPECT_RATIO
208534,appearance.d36371.s21.c2.sc7,NONPUBLIC,MAINHAND,item\objectcomponents\weapon\sword_1h_stratholme_d_03.m2,0.838157,1.6394,0.088517,0.349846,18.520736,EXTREME_ASPECT_RATIO
208535,appearance.d36376.s13.c2.sc7,NONPUBLIC,MAINHAND,item\objectcomponents\weapon\sword_1h_stratholme_d_03.m2,0.838157,1.6394,0.088517,0.349846,18.520736,EXTREME_ASPECT_RATIO
208584,appearance.d36725.s13.c2.sc7,NONPUBLIC,MAINHAND,item\objectcomponents\weapon\sword_1h_blood_a_03.m2,0.649566,1.292797,0.069523,0.334041,18.595242,EXTREME_ASPECT_RATIO
208612,appearance.d36958.s13.c2.sc7,PUBLIC,MAINHAND,item\objectcomponents\weapon\sword_1h_blood_a_03.m2,0.649566,1.292797,0.069523,0.334041,18.595242,EXTREME_ASPECT_RATIO
208613,appearance.d36960.s13.c2.sc7,PUBLIC,MAINHAND,item\objectcomponents\weapon\sword_1h_long_b_01.m2,0.705841,1.411683,0.063618,0.413965,22.189993,EXTREME_ASPECT_RATIO
208617,appearance.d36970.s21.c2.sc7,NONPUBLIC,MAINHAND,item\objectcomponents\weapon\sword_1h_long_a_03.m2,0.646229,1.292392,0.069523,0.312097,18.589416,EXTREME_ASPECT_RATIO
208622,appearance.d37000.s15.c2.sc2,NONPUBLIC,RANGED,item\objectcomponents\weapon\bow_1h_blood_b_01.m2,1.295058,2.109456,0.103199,0.93043,20.440663,EXTREME_ASPECT_RATIO
208623,appearance.d37003.s17.c2.sc10,NONPUBLIC,MAINHAND,item\objectcomponents\weapon\stave_2h_blood_a_02.m2,1.222557,2.442897,0.102487,0.405589,23.836165,EXTREME_ASPECT_RATIO
208625,appearance.d37018.s13.c2.sc8,NONPUBLIC,MAINHAND,item\objectcomponents\weapon\sword_2h_blood_b_02.m2,1.088389,2.176778,0.112972,0.514856,19.268297,EXTREME_ASPECT_RATIO
208626,appearance.d37019.s15.c2.sc2,NONPUBLIC,RANGED,item\objectcomponents\weapon\bow_1h_blood_b_01.m2,1.295058,2.109456,0.103199,0.93043,20.440663,EXTREME_ASPECT_RATIO
208636,appearance.d37050.s17.c2.sc8,PUBLIC,MAINHAND,item\objectcomponents\weapon\sword_2h_draenei_a_02.m2,0.759575,1.517866,0.078843,0.239127,19.251753,EXTREME_ASPECT_RATIO
208669,appearance.d37209.s13.c2.sc7,PUBLIC,MAINHAND,item\objectcomponents\weapon\sword_1h_draenei_a_01.m2,0.789049,1.578098,0.072269,0.357816,21.836444,EXTREME_ASPECT_RATIO
208670,appearance.d37209.s21.c2.sc7,PUBLIC,MAINHAND,item\objectcomponents\weapon\sword_1h_draenei_a_01.m2,0.789049,1.578098,0.072269,0.357816,21.836444,EXTREME_ASPECT_RATIO
208707,appearance.d37410.s17.c2.sc6,PUBLIC,MAINHAND,item\objectcomponents\weapon\polearm_2h_blood_elf_d_01.m2,1.215547,2.431095,0.117883,0.383629,20.622948,EXTREME_ASPECT_RATIO
208708,appearance.d37415.s17.c2.sc8,PUBLIC,MAINHAND,item\objectcomponents\weapon\sword_2h_blood_b_01.m2,0.978804,1.957607,0.08181,0.527689,23.928701,EXTREME_ASPECT_RATIO
208751,appearance.d37524.s13.c2.sc14,NONPUBLIC,MAINHAND,item\objectcomponents\weapon\misc_2h_broom_a_01.m2,1.016456,2.005708,0.066423,0.32934,30.195986,EXTREME_ASPECT_RATIO
208762,appearance.d37550.s17.c2.sc10,NONPUBLIC,MAINHAND,item\objectcomponents\weapon\stave_2h_other_c_01.m2,1.124012,2.246688,0.133526,0.504585,16.825847,EXTREME_ASPECT_RATIO
208778,appearance.d37628.s13.c2.sc8,NONPUBLIC,MAINHAND,item\objectcomponents\weapon\sword_2h_draenei_a_02.m2,0.759575,1.517866,0.078843,0.239127,19.251753,EXTREME_ASPECT_RATIO
208784,appearance.d37660.s17.c2.sc10,NONPUBLIC,MAINHAND,item\objectcomponents\weapon\stave_2h_other_c_01.m2,1.124012,2.246688,0.133526,0.504585,16.825847,EXTREME_ASPECT_RATIO
208787,appearance.d37774.s17.c2.sc6,NONPUBLIC,MAINHAND,item\objectcomponents\weapon\polearm_2h_blood_elf_d_01.m2,1.215547,2.431095,0.117883,0.383629,20.622948,EXTREME_ASPECT_RATIO
208804,appearance.d37989.s13.c2.sc7,NONPUBLIC,MAINHAND,item\objectcomponents\weapon\sword_2h_horde_c_03.m2,0.848015,1.696023,0.082715,0.420443,20.504419,EXTREME_ASPECT_RATIO
208806,appearance.d38099.s21.c2.sc7,PUBLIC,MAINHAND,item\objectcomponents\weapon\sword_1h_draenei_b_01.m2,0.735885,1.47177,0.079035,0.364481,18.62175,EXTREME_ASPECT_RATIO
208809,appearance.d38142.s13.c2.sc8,NONPUBLIC,MAINHAND,item\objectcomponents\weapon\sword_2h_blood_b_02.m2,1.088389,2.176778,0.112972,0.514856,19.268297,EXTREME_ASPECT_RATIO
208810,appearance.d38181.s13.c2.sc7,NONPUBLIC,MAINHAND,item\objectcomponents\weapon\sword_1h_blood_a_03.m2,0.649566,1.292797,0.069523,0.334041,18.595242,EXTREME_ASPECT_RATIO
208835,appearance.d38291.s17.c2.sc10,PUBLIC,MAINHAND,item\objectcomponents\weapon\stave_2h_other_a_01.m2,1.189521,2.376651,0.063879,0.148946,37.205514,EXTREME_ASPECT_RATIO
208879,appearance.d38461.s17.c2.sc6,PUBLIC,MAINHAND,item\objectcomponents\weapon\polearm_2h_bladed_c_01.m2,1.09197,2.183686,0.082967,0.162036,26.319934,EXTREME_ASPECT_RATIO
208895,appearance.d38632.s15.c2.sc2,PUBLIC,RANGED,item\objectcomponents\weapon\bow_1h_standard_b_01.m2,1.049476,1.72989,0.069941,0.633576,24.733561,EXTREME_ASPECT_RATIO
208897,appearance.d38635.s13.c2.sc7,PUBLIC,MAINHAND,item\objectcomponents\weapon\sword_1h_draenei_b_01.m2,0.735885,1.47177,0.079035,0.364481,18.62175,EXTREME_ASPECT_RATIO
208931,appearance.d38713.s17.c2.sc10,PUBLIC,MAINHAND,item\objectcomponents\weapon\stave_2h_draenei_a_02.m2,0.900944,1.797785,0.260644,0.068224,26.351211,EXTREME_ASPECT_RATIO
209010,appearance.d39007.s15.c2.sc2,PUBLIC,RANGED,item\objectcomponents\weapon\bow_1h_standard_a_01.m2,0.831831,1.429662,0.063541,0.550509,22.499835,EXTREME_ASPECT_RATIO
209015,appearance.d39025.s13.c2.sc7,PUBLIC,MAINHAND,item\objectcomponents\weapon\sword_1h_draenei_b_01.m2,0.735885,1.47177,0.079035,0.364481,18.62175,EXTREME_ASPECT_RATIO
209023,appearance.d39040.s15.c2.sc2,PUBLIC,RANGED,item\objectcomponents\weapon\bow_1h_blood_b_01.m2,1.295058,2.109456,0.103199,0.93043,20.440663,EXTREME_ASPECT_RATIO
209036,appearance.d39081.s13.c2.sc15,PUBLIC,MAINHAND,item\objectcomponents\weapon\knife_1h_ahnqiraj_d_02.m2,0.586032,1.164852,0.072482,0.318451,16.070914,EXTREME_ASPECT_RATIO
209052,appearance.d39104.s17.c2.sc10,PUBLIC,MAINHAND,item\objectcomponents\weapon\stave_2h_long_c_01.m2,1.177365,2.35473,0.097209,0.302856,24.223374,EXTREME_ASPECT_RATIO
209053,appearance.d39105.s17.c2.sc10,PUBLIC,MAINHAND,item\objectcomponents\weapon\stave_2h_draenei_a_02.m2,0.900944,1.797785,0.260644,0.068224,26.351211,EXTREME_ASPECT_RATIO
209055,appearance.d39146.s17.c2.sc10,NONPUBLIC,MAINHAND,item\objectcomponents\weapon\stave_2h_etherial_a_01.m2,1.133337,2.266661,0.090165,0.57528,25.139034,EXTREME_ASPECT_RATIO
209056,appearance.d39147.s17.c2.sc10,NONPUBLIC,MAINHAND,item\objectcomponents\weapon\stave_2h_etherial_a_01.m2,1.133337,2.266661,0.090165,0.57528,25.139034,EXTREME_ASPECT_RATIO
209057,appearance.d39148.s17.c2.sc10,NONPUBLIC,MAINHAND,item\objectcomponents\weapon\stave_2h_etherial_a_01.m2,1.133337,2.266661,0.090165,0.57528,25.139034,EXTREME_ASPECT_RATIO
209058,appearance.d39149.s17.c2.sc10,NONPUBLIC,MAINHAND,item\objectcomponents\weapon\stave_2h_etherial_a_01.m2,1.133337,2.266661,0.090165,0.57528,25.139034,EXTREME_ASPECT_RATIO
209059,appearance.d39150.s17.c2.sc10,NONPUBLIC,MAINHAND,item\objectcomponents\weapon\stave_2h_etherial_a_01.m2,1.133337,2.266661,0.090165,0.57528,25.139034,EXTREME_ASPECT_RATIO
209060,appearance.d39151.s17.c2.sc10,NONPUBLIC,MAINHAND,item\objectcomponents\weapon\stave_2h_etherial_a_01.m2,1.133337,2.266661,0.090165,0.57528,25.139034,EXTREME_ASPECT_RATIO
209062,appearance.d39159.s17.c2.sc10,NONPUBLIC,MAINHAND,item\objectcomponents\weapon\stave_2h_etherial_a_01.m2,1.133337,2.266661,0.090165,0.57528,25.139034,EXTREME_ASPECT_RATIO
209065,appearance.d39172.s17.c2.sc10,PUBLIC,MAINHAND,item\objectcomponents\weapon\stave_2h_long_a_02.m2,1.28734,2.574679,0.097151,0.11021,26.501827,EXTREME_ASPECT_RATIO
209075,appearance.d39258.s17.c2.sc6,PUBLIC,MAINHAND,item\objectcomponents\weapon\polearm_2h_bladed_b_02.m2,1.12959,2.25918,0.076089,0.193408,29.691283,EXTREME_ASPECT_RATIO
209082,appearance.d39281.s17.c2.sc10,PUBLIC,MAINHAND,item\objectcomponents\weapon\stave_2h_other_c_01.m2,1.124012,2.246688,0.133526,0.504585,16.825847,EXTREME_ASPECT_RATIO
209086,appearance.d39287.s17.c2.sc6,NONPUBLIC,MAINHAND,item\objectcomponents\weapon\stave_2h_scythe_c_03.m2,1.084468,1.982252,0.105771,1.019423,18.740978,EXTREME_ASPECT_RATIO
209096,appearance.d39310.s13.c2.sc7,PUBLIC,MAINHAND,item\objectcomponents\weapon\sword_1h_draenei_a_01.m2,0.789049,1.578098,0.072269,0.357816,21.836444,EXTREME_ASPECT_RATIO
209103,appearance.d39331.s15.c2.sc2,PUBLIC,RANGED,item\objectcomponents\weapon\bow_1h_standard_b_02.m2,1.187731,1.958303,0.068972,0.763025,28.392725,EXTREME_ASPECT_RATIO
209118,appearance.d39374.s13.c2.sc7,PUBLIC,MAINHAND,item\objectcomponents\weapon\sword_1h_draenei_a_01.m2,0.789049,1.578098,0.072269,0.357816,21.836444,EXTREME_ASPECT_RATIO
209131,appearance.d39392.s17.c2.sc10,PUBLIC,MAINHAND,item\objectcomponents\weapon\stave_2h_blood_a_02.m2,1.222557,2.442897,0.102487,0.405589,23.836165,EXTREME_ASPECT_RATIO
209153,appearance.d39425.s17.c2.sc6,PUBLIC,MAINHAND,item\objectcomponents\weapon\stave_2h_scythe_c_03.m2,1.084468,1.982252,0.105771,1.019423,18.740978,EXTREME_ASPECT_RATIO
209157,appearance.d39429.s17.c2.sc10,PUBLIC,MAINHAND,item\objectcomponents\weapon\stave_2h_long_b_01.m2,1.225709,2.451417,0.097104,0.110051,25.245273,EXTREME_ASPECT_RATIO
209158,appearance.d39431.s15.c2.sc2,PUBLIC,RANGED,item\objectcomponents\weapon\bow_1h_blood_b_01.m2,1.295058,2.109456,0.103199,0.93043,20.440663,EXTREME_ASPECT_RATIO
209165,appearance.d39449.s17.c2.sc8,NONPUBLIC,MAINHAND,item\objectcomponents\weapon\sword_2h_claymore_b_01.m2,0.935075,1.87015,0.065926,0.359245,28.367412,EXTREME_ASPECT_RATIO
209178,appearance.d39491.s17.c2.sc8,PUBLIC,MAINHAND,item\objectcomponents\weapon\sword_2h_broadsword_a_03.m2,0.778061,1.556123,0.095531,0.269328,16.289194,EXTREME_ASPECT_RATIO
209206,appearance.d39576.s17.c2.sc1,NONPUBLIC,MAINHAND,item\objectcomponents\weapon\axe_2h_blacksmithing_d_01.m2,0.938554,1.875399,0.0903,0.707478,20.768538,EXTREME_ASPECT_RATIO
209207,appearance.d39577.s17.c2.sc1,NONPUBLIC,MAINHAND,item\objectcomponents\weapon\axe_2h_blacksmithing_d_02.m2,0.938554,1.875399,0.0903,0.707478,20.768538,EXTREME_ASPECT_RATIO
209208,appearance.d39578.s17.c2.sc1,NONPUBLIC,MAINHAND,item\objectcomponents\weapon\axe_2h_blacksmithing_d_03.m2,0.938932,1.876157,0.0903,0.707478,20.776932,EXTREME_ASPECT_RATIO
209216,appearance.d39607.s15.c2.sc2,PUBLIC,RANGED,item\objectcomponents\weapon\bow_1h_standard_c_02.m2,1.16304,1.976977,0.067398,0.617843,29.332873,EXTREME_ASPECT_RATIO
209244,appearance.d39678.s13.c2.sc8,NONPUBLIC,MAINHAND,item\objectcomponents\weapon\sword_2h_draenei_a_02.m2,0.759575,1.517866,0.078843,0.239127,19.251753,EXTREME_ASPECT_RATIO
209258,appearance.d39740.s25.c2.sc16,PUBLIC,RANGED,item\objectcomponents\weapon\thrown_1h_dagger_a_01.m2,0.376499,0.745558,0.042192,0.434276,17.670601,EXTREME_ASPECT_RATIO
209265,appearance.d39751.s17.c2.sc6,PUBLIC,MAINHAND,item\objectcomponents\weapon\stave_2h_scythe_c_03.m2,1.084468,1.982252,0.105771,1.019423,18.740978,EXTREME_ASPECT_RATIO
209267,appearance.d39753.s17.c2.sc10,PUBLIC,MAINHAND,item\objectcomponents\weapon\stave_2h_long_b_01.m2,1.225709,2.451417,0.097104,0.110051,25.245273,EXTREME_ASPECT_RATIO
209272,appearance.d39775.s15.c2.sc2,PUBLIC,RANGED,item\objectcomponents\weapon\bow_1h_blood_a_02.m2,1.195421,1.958303,0.077582,0.769975,25.241718,EXTREME_ASPECT_RATIO
209320,appearance.d39878.s17.c2.sc10,PUBLIC,MAINHAND,item\objectcomponents\weapon\stave_2h_long_b_03.m2,1.227987,2.455123,0.080802,0.210225,30.384434,EXTREME_ASPECT_RATIO
209327,appearance.d39890.s13.c2.sc7,PUBLIC,MAINHAND,item\objectcomponents\weapon\sword_1h_draenei_a_01.m2,0.789049,1.578098,0.072269,0.357816,21.836444,EXTREME_ASPECT_RATIO
209329,appearance.d39894.s17.c2.sc6,PUBLIC,MAINHAND,item\objectcomponents\weapon\polearm_2h_trident_a_02.m2,1.079546,2.159018,0.076089,0.36222,28.374903,EXTREME_ASPECT_RATIO
209338,appearance.d39906.s17.c2.sc8,PUBLIC,MAINHAND,item\objectcomponents\weapon\sword_2h_blood_b_02.m2,1.088389,2.176778,0.112972,0.514856,19.268297,EXTREME_ASPECT_RATIO
209341,appearance.d39957.s17.c2.sc8,PUBLIC,MAINHAND,item\objectcomponents\weapon\sword_2h_raid_d_05.m2,1.127029,2.254058,0.13054,0.550087,17.267182,EXTREME_ASPECT_RATIO
209346,appearance.d39975.s15.c2.sc2,PUBLIC,RANGED,item\objectcomponents\weapon\bow_1h_standard_c_02.m2,1.16304,1.976977,0.067398,0.617843,29.332873,EXTREME_ASPECT_RATIO
209358,appearance.d39987.s17.c2.sc10,PUBLIC,MAINHAND,item\objectcomponents\weapon\stave_2h_long_a_02.m2,1.28734,2.574679,0.097151,0.11021,26.501827,EXTREME_ASPECT_RATIO
209379,appearance.d40127.s17.c2.sc6,NONPUBLIC,MAINHAND,item\objectcomponents\weapon\polearm_2h_trident_b_01.m2,1.11926,2.238521,0.076089,0.435623,29.419772,EXTREME_ASPECT_RATIO
209406,appearance.d40187.s25.c2.sc16,PUBLIC,RANGED,item\objectcomponents\weapon\thrown_1h_dagger_a_01.m2,0.376499,0.745558,0.042192,0.434276,17.670601,EXTREME_ASPECT_RATIO
209409,appearance.d40192.s25.c2.sc16,PUBLIC,RANGED,item\objectcomponents\weapon\thrown_1h_dagger_a_01.m2,0.376499,0.745558,0.042192,0.434276,17.670601,EXTREME_ASPECT_RATIO
209410,appearance.d40193.s25.c2.sc16,PUBLIC,RANGED,item\objectcomponents\weapon\thrown_1h_dagger_a_01.m2,0.376499,0.745558,0.042192,0.434276,17.670601,EXTREME_ASPECT_RATIO
209428,appearance.d40302.s17.c2.sc1,PUBLIC,MAINHAND,item\objectcomponents\weapon\axe_2h_horde_a_03.m2,0.742956,1.442327,0.075254,0.399665,19.166117,EXTREME_ASPECT_RATIO
209430,appearance.d40311.s17.c2.sc10,NONPUBLIC,MAINHAND,item\objectcomponents\weapon\stave_2h_blood_a_02.m2,1.222557,2.442897,0.102487,0.405589,23.836165,EXTREME_ASPECT_RATIO
209448,appearance.d40368.s17.c2.sc6,NONPUBLIC,MAINHAND,item\objectcomponents\weapon\polearm_2h_epic_d_02.m2,1.460078,2.890866,0.178855,0.444355,16.163182,EXTREME_ASPECT_RATIO
209456,appearance.d40401.s17.c2.sc6,PUBLIC,MAINHAND,item\objectcomponents\weapon\polearm_2h_bladed_c_01.m2,1.09197,2.183686,0.082967,0.162036,26.319934,EXTREME_ASPECT_RATIO
209458,appearance.d40409.s25.c2.sc16,NONPUBLIC,RANGED,item\objectcomponents\weapon\polearm_2h_bladed_a_02.m2,1.096531,2.193062,0.081019,0.275417,27.06849,EXTREME_ASPECT_RATIO
209460,appearance.d40411.s25.c2.sc16,NONPUBLIC,RANGED,item\objectcomponents\weapon\thrown_1h_dagger_a_01.m2,0.376499,0.745558,0.042192,0.434276,17.670601,EXTREME_ASPECT_RATIO
209461,appearance.d40412.s25.c2.sc16,NONPUBLIC,RANGED,item\objectcomponents\weapon\thrown_1h_dagger_a_01.m2,0.376499,0.745558,0.042192,0.434276,17.670601,EXTREME_ASPECT_RATIO
209510,appearance.d40520.s17.c2.sc10,NONPUBLIC,MAINHAND,item\objectcomponents\weapon\stave_2h_other_c_01.m2,1.124012,2.246688,0.133526,0.504585,16.825847,EXTREME_ASPECT_RATIO
209514,appearance.d40563.s17.c2.sc6,PUBLIC,MAINHAND,item\objectcomponents\weapon\polearm_2h_blood_elf_d_01.m2,1.215547,2.431095,0.117883,0.383629,20.622948,EXTREME_ASPECT_RATIO
209520,appearance.d40609.s21.c2.sc14,NONPUBLIC,MAINHAND,item\objectcomponents\weapon\polearm_2h_blood_elf_d_01.m2,1.215547,2.431095,0.117883,0.383629,20.622948,EXTREME_ASPECT_RATIO
209521,appearance.d40609.s21.c2.sc15,NONPUBLIC,MAINHAND,item\objectcomponents\weapon\polearm_2h_blood_elf_d_01.m2,1.215547,2.431095,0.117883,0.383629,20.622948,EXTREME_ASPECT_RATIO
209524,appearance.d40616.s17.c2.sc6,PUBLIC,MAINHAND,item\objectcomponents\weapon\polearm_2h_bladed_b_02.m2,1.12959,2.25918,0.076089,0.193408,29.691283,EXTREME_ASPECT_RATIO
209547,appearance.d40663.s13.c2.sc0,NONPUBLIC,MAINHAND,item\objectcomponents\weapon\glave_1h_dualblade_b_03.m2,0.903646,1.807254,0.089484,0.292303,20.196393,EXTREME_ASPECT_RATIO
209550,appearance.d40666.s13.c2.sc10,NONPUBLIC,MAINHAND,item\objectcomponents\weapon\stave_2h_etherial_a_01.m2,1.133337,2.266661,0.090165,0.57528,25.139034,EXTREME_ASPECT_RATIO
209554,appearance.d40673.s13.c2.sc10,NONPUBLIC,MAINHAND,item\objectcomponents\weapon\stave_2h_etherial_a_01.m2,1.133337,2.266661,0.090165,0.57528,25.139034,EXTREME_ASPECT_RATIO
209562,appearance.d40691.s17.c2.sc8,PUBLIC,MAINHAND,item\objectcomponents\weapon\sword_2h_draenei_a_02.m2,0.759575,1.517866,0.078843,0.239127,19.251753,EXTREME_ASPECT_RATIO
209578,appearance.d40716.s13.c2.sc0,NONPUBLIC,MAINHAND,item\objectcomponents\weapon\glave_1h_dualblade_a_03.m2,0.631476,1.262851,0.06287,0.184713,20.086703,EXTREME_ASPECT_RATIO
209608,appearance.d40750.s17.c2.sc10,NONPUBLIC,MAINHAND,item\objectcomponents\weapon\stave_2h_etherial_a_01.m2,1.133337,2.266661,0.090165,0.57528,25.139034,EXTREME_ASPECT_RATIO
209609,appearance.d40751.s17.c2.sc10,NONPUBLIC,MAINHAND,item\objectcomponents\weapon\stave_2h_etherial_a_01.m2,1.133337,2.266661,0.090165,0.57528,25.139034,EXTREME_ASPECT_RATIO
209610,appearance.d40752.s13.c2.sc0,NONPUBLIC,MAINHAND,item\objectcomponents\weapon\glave_1h_dualblade_b_03.m2,0.903646,1.807254,0.089484,0.292303,20.196393,EXTREME_ASPECT_RATIO
209617,appearance.d40760.s13.c2.sc0,NONPUBLIC,MAINHAND,item\objectcomponents\weapon\glave_1h_dualblade_b_03.m2,0.903646,1.807254,0.089484,0.292303,20.196393,EXTREME_ASPECT_RATIO
209640,appearance.d40784.s13.c2.sc10,NONPUBLIC,MAINHAND,item\objectcomponents\weapon\stave_2h_etherial_a_01.m2,1.133337,2.266661,0.090165,0.57528,25.139034,EXTREME_ASPECT_RATIO
209648,appearance.d40794.s13.c2.sc7,PUBLIC,MAINHAND,item\objectcomponents\weapon\sword_1h_draenei_a_03.m2,0.571532,1.14185,0.058995,0.169881,19.35503,EXTREME_ASPECT_RATIO
209650,appearance.d40796.s17.c2.sc8,PUBLIC,MAINHAND,item\objectcomponents\weapon\sword_2h_claymore_b_02.m2,0.929642,1.859284,0.084645,0.461327,21.965668,EXTREME_ASPECT_RATIO
209651,appearance.d40798.s17.c2.sc8,PUBLIC,MAINHAND,item\objectcomponents\weapon\sword_2h_draenei_a_02.m2,0.759575,1.517866,0.078843,0.239127,19.251753,EXTREME_ASPECT_RATIO
209652,appearance.d40799.s17.c2.sc10,PUBLIC,MAINHAND,item\objectcomponents\weapon\stave_2h_long_a_03.m2,1.201561,2.403121,0.049566,0.056358,48.483255,EXTREME_ASPECT_RATIO
209653,appearance.d40800.s13.c2.sc10,NONPUBLIC,MAINHAND,item\objectcomponents\weapon\stave_2h_etherial_a_01.m2,1.133337,2.266661,0.090165,0.57528,25.139034,EXTREME_ASPECT_RATIO
209660,appearance.d40807.s17.c2.sc6,PUBLIC,MAINHAND,item\objectcomponents\weapon\stave_2h_other_c_03.m2,1.084468,1.982252,0.105771,1.019423,18.740978,EXTREME_ASPECT_RATIO
209661,appearance.d40808.s17.c2.sc6,PUBLIC,MAINHAND,item\objectcomponents\weapon\polearm_2h_bladed_a_01.m2,1.1031,2.206199,0.121614,0.275417,18.140995,EXTREME_ASPECT_RATIO
209662,appearance.d40809.s17.c2.sc6,PUBLIC,MAINHAND,item\objectcomponents\weapon\polearm_2h_bladed_b_02.m2,1.12959,2.25918,0.076089,0.193408,29.691283,EXTREME_ASPECT_RATIO
209667,appearance.d40821.s17.c2.sc10,NONPUBLIC,MAINHAND,item\objectcomponents\weapon\stave_2h_etherial_a_01.m2,1.133337,2.266661,0.090165,0.57528,25.139034,EXTREME_ASPECT_RATIO
209676,appearance.d40838.s17.c2.sc10,PUBLIC,MAINHAND,item\objectcomponents\weapon\stave_2h_hellfire_c_01.m2,1.028619,2.056737,0.100832,0.466764,20.397661,EXTREME_ASPECT_RATIO
209682,appearance.d40863.s13.c2.sc7,NONPUBLIC,MAINHAND,item\objectcomponents\weapon\sword_1h_long_b_02.m2,0.735474,1.470949,0.065926,0.359245,22.312123,EXTREME_ASPECT_RATIO
209696,appearance.d40908.s15.c2.sc2,PUBLIC,RANGED,item\objectcomponents\weapon\bow_1h_blood_c_01.m2,1.641628,2.678566,0.126089,1.352051,21.243455,EXTREME_ASPECT_RATIO
209726,appearance.d41057.s17.c2.sc10,NONPUBLIC,MAINHAND,item\objectcomponents\weapon\stave_2h_blood_a_02.m2,1.222557,2.442897,0.102487,0.405589,23.836165,EXTREME_ASPECT_RATIO
209728,appearance.d41066.s17.c2.sc8,NONPUBLIC,MAINHAND,item\objectcomponents\weapon\sword_2h_blood_a_02.m2,0.911804,1.804491,0.091809,0.270041,19.654838,EXTREME_ASPECT_RATIO
209735,appearance.d41074.s17.c2.sc10,NONPUBLIC,MAINHAND,item\objectcomponents\weapon\stave_2h_etherial_a_01.m2,1.133337,2.266661,0.090165,0.57528,25.139034,EXTREME_ASPECT_RATIO
209759,appearance.d41179.s13.c2.sc7,PUBLIC,MAINHAND,item\objectcomponents\weapon\sword_1h_sabre_a_02.m2,0.580217,1.159211,0.066434,0.224464,17.449062,EXTREME_ASPECT_RATIO
209760,appearance.d41181.s25.c2.sc16,PUBLIC,RANGED,item\objectcomponents\weapon\thrown_1h_dagger_a_01.m2,0.376499,0.745558,0.042192,0.434276,17.670601,EXTREME_ASPECT_RATIO
209843,appearance.d41307.s13.c2.sc8,NONPUBLIC,MAINHAND,item\objectcomponents\weapon\sword_2h_draenei_a_02.m2,0.759575,1.517866,0.078843,0.239127,19.251753,EXTREME_ASPECT_RATIO
209844,appearance.d41308.s13.c2.sc8,NONPUBLIC,MAINHAND,item\objectcomponents\weapon\sword_2h_draenei_a_02.m2,0.759575,1.517866,0.078843,0.239127,19.251753,EXTREME_ASPECT_RATIO
209845,appearance.d41309.s13.c2.sc8,NONPUBLIC,MAINHAND,item\objectcomponents\weapon\sword_2h_draenei_a_02.m2,0.759575,1.517866,0.078843,0.239127,19.251753,EXTREME_ASPECT_RATIO
209865,appearance.d41329.s13.c2.sc7,NONPUBLIC,MAINHAND,item\objectcomponents\weapon\sword_1h_draenei_a_01.m2,0.789049,1.578098,0.072269,0.357816,21.836444,EXTREME_ASPECT_RATIO
209866,appearance.d41330.s13.c2.sc7,NONPUBLIC,MAINHAND,item\objectcomponents\weapon\sword_1h_draenei_a_01.m2,0.789049,1.578098,0.072269,0.357816,21.836444,EXTREME_ASPECT_RATIO
209867,appearance.d41331.s13.c2.sc7,NONPUBLIC,MAINHAND,item\objectcomponents\weapon\sword_1h_draenei_a_01.m2,0.789049,1.578098,0.072269,0.357816,21.836444,EXTREME_ASPECT_RATIO
209868,appearance.d41332.s13.c2.sc7,NONPUBLIC,MAINHAND,item\objectcomponents\weapon\sword_1h_draenei_a_01.m2,0.789049,1.578098,0.072269,0.357816,21.836444,EXTREME_ASPECT_RATIO
209869,appearance.d41333.s13.c2.sc7,NONPUBLIC,MAINHAND,item\objectcomponents\weapon\sword_1h_draenei_a_01.m2,0.789049,1.578098,0.072269,0.357816,21.836444,EXTREME_ASPECT_RATIO
209875,appearance.d41339.s17.c2.sc10,NONPUBLIC,MAINHAND,item\objectcomponents\weapon\stave_2h_draenei_a_02.m2,0.900944,1.797785,0.260644,0.068224,26.351211,EXTREME_ASPECT_RATIO
209876,appearance.d41340.s17.c2.sc10,NONPUBLIC,MAINHAND,item\objectcomponents\weapon\stave_2h_draenei_a_02.m2,0.900944,1.797785,0.260644,0.068224,26.351211,EXTREME_ASPECT_RATIO
209877,appearance.d41341.s17.c2.sc10,NONPUBLIC,MAINHAND,item\objectcomponents\weapon\stave_2h_draenei_a_02.m2,0.900944,1.797785,0.260644,0.068224,26.351211,EXTREME_ASPECT_RATIO
209878,appearance.d41342.s17.c2.sc10,NONPUBLIC,MAINHAND,item\objectcomponents\weapon\stave_2h_draenei_a_02.m2,0.900944,1.797785,0.260644,0.068224,26.351211,EXTREME_ASPECT_RATIO
209879,appearance.d41343.s17.c2.sc10,NONPUBLIC,MAINHAND,item\objectcomponents\weapon\stave_2h_draenei_a_02.m2,0.900944,1.797785,0.260644,0.068224,26.351211,EXTREME_ASPECT_RATIO
209894,appearance.d41359.s17.c2.sc10,NONPUBLIC,MAINHAND,item\objectcomponents\weapon\stave_2h_blood_a_01.m2,1.201437,2.392849,0.105193,0.329812,22.747227,EXTREME_ASPECT_RATIO
209895,appearance.d41360.s17.c2.sc10,NONPUBLIC,MAINHAND,item\objectcomponents\weapon\stave_2h_blood_a_01.m2,1.201437,2.392849,0.105193,0.329812,22.747227,EXTREME_ASPECT_RATIO
209973,appearance.d41562.s17.c2.sc6,NONPUBLIC,MAINHAND,item\objectcomponents\weapon\polearm_2h_epic_d_02.m2,1.460078,2.890866,0.178855,0.444355,16.163182,EXTREME_ASPECT_RATIO
209981,appearance.d41599.s17.c2.sc10,PUBLIC,MAINHAND,item\objectcomponents\weapon\stave_2h_draenei_a_02.m2,0.900944,1.797785,0.260644,0.068224,26.351211,EXTREME_ASPECT_RATIO
210004,appearance.d41653.s13.c2.sc7,NONPUBLIC,MAINHAND,item\objectcomponents\weapon\sword_1h_blood_a_03.m2,0.649566,1.292797,0.069523,0.334041,18.595242,EXTREME_ASPECT_RATIO
210040,appearance.d41740.s17.c2.sc8,NONPUBLIC,MAINHAND,item\objectcomponents\weapon\sword_2h_claymore_b_01.m2,0.935075,1.87015,0.065926,0.359245,28.367412,EXTREME_ASPECT_RATIO
210049,appearance.d41773.s17.c2.sc8,NONPUBLIC,MAINHAND,item\objectcomponents\weapon\sword_2h_blood_c_02.m2,1.050388,2.100777,0.081432,0.584475,25.79793,EXTREME_ASPECT_RATIO
210053,appearance.d41779.s15.c2.sc2,PUBLIC,RANGED,item\objectcomponents\weapon\bow_1h_short_a_01.m2,1.068146,1.765619,0.094876,0.576256,18.609754,EXTREME_ASPECT_RATIO
210055,appearance.d41781.s21.c2.sc7,PUBLIC,MAINHAND,item\objectcomponents\weapon\sword_2h_blood_c_03.m2,1.066235,2.13247,0.072838,0.442671,29.276888,EXTREME_ASPECT_RATIO
210062,appearance.d41788.s17.c2.sc10,PUBLIC,MAINHAND,item\objectcomponents\weapon\stave_2h_etherial_a_01.m2,1.133337,2.266661,0.090165,0.57528,25.139034,EXTREME_ASPECT_RATIO
210063,appearance.d41789.s17.c2.sc8,PUBLIC,MAINHAND,item\objectcomponents\weapon\sword_2h_blood_c_03.m2,1.066235,2.13247,0.072838,0.442671,29.276888,EXTREME_ASPECT_RATIO
210135,appearance.d41929.s13.c2.sc7,PUBLIC,MAINHAND,item\objectcomponents\weapon\sword_1h_long_d_01.m2,0.872122,1.744243,0.093242,0.453641,18.706624,EXTREME_ASPECT_RATIO
210144,appearance.d41957.s13.c2.sc8,NONPUBLIC,MAINHAND,item\objectcomponents\weapon\sword_2h_blood_b_02.m2,1.088389,2.176778,0.112972,0.514856,19.268297,EXTREME_ASPECT_RATIO
210164,appearance.d41981.s13.c2.sc7,NONPUBLIC,MAINHAND,item\objectcomponents\weapon\sword_1h_draenei_b_01.m2,0.735885,1.47177,0.079035,0.364481,18.62175,EXTREME_ASPECT_RATIO
210165,appearance.d41983.s13.c2.sc7,NONPUBLIC,MAINHAND,item\objectcomponents\weapon\sword_1h_draenei_b_01.m2,0.735885,1.47177,0.079035,0.364481,18.62175,EXTREME_ASPECT_RATIO
210167,appearance.d41999.s17.c2.sc6,NONPUBLIC,MAINHAND,item\objectcomponents\weapon\polearm_2h_bladed_c_01.m2,1.09197,2.183686,0.082967,0.162036,26.319934,EXTREME_ASPECT_RATIO
210168,appearance.d42000.s17.c2.sc10,NONPUBLIC,MAINHAND,item\objectcomponents\weapon\stave_2h_blood_a_01.m2,1.201437,2.392849,0.105193,0.329812,22.747227,EXTREME_ASPECT_RATIO
210169,appearance.d42001.s17.c2.sc10,NONPUBLIC,MAINHAND,item\objectcomponents\weapon\stave_2h_blood_a_01.m2,1.201437,2.392849,0.105193,0.329812,22.747227,EXTREME_ASPECT_RATIO
210172,appearance.d42049.s17.c2.sc10,NONPUBLIC,MAINHAND,item\objectcomponents\weapon\stave_2h_blood_a_02.m2,1.222557,2.442897,0.102487,0.405589,23.836165,EXTREME_ASPECT_RATIO
210178,appearance.d42064.s17.c2.sc6,PUBLIC,MAINHAND,item\objectcomponents\weapon\polearm_2h_bladed_c_01.m2,1.09197,2.183686,0.082967,0.162036,26.319934,EXTREME_ASPECT_RATIO
210200,appearance.d42087.s13.c2.sc7,NONPUBLIC,MAINHAND,item\objectcomponents\weapon\sword_1h_pvpalliance_a_01.m2,1.017563,2.035127,0.121281,0.546679,16.780262,EXTREME_ASPECT_RATIO
210217,appearance.d42125.s13.c2.sc8,NONPUBLIC,MAINHAND,item\objectcomponents\weapon\sword_2h_blood_b_02.m2,1.088389,2.176778,0.112972,0.514856,19.268297,EXTREME_ASPECT_RATIO
210234,appearance.d42183.s17.c2.sc8,PUBLIC,MAINHAND,item\objectcomponents\weapon\sword_2h_blood_c_01.m2,1.073282,2.146289,0.079417,0.634237,27.025561,EXTREME_ASPECT_RATIO
210260,appearance.d42224.s13.c2.sc15,PUBLIC,MAINHAND,item\objectcomponents\weapon\knife_1h_ahnqiraj_d_02.m2,0.586032,1.164852,0.072482,0.318451,16.070914,EXTREME_ASPECT_RATIO
210304,appearance.d42336.s17.c2.sc8,PUBLIC,MAINHAND,item\objectcomponents\weapon\sword_2h_claymore_b_02.m2,0.929642,1.859284,0.084645,0.461327,21.965668,EXTREME_ASPECT_RATIO
210422,appearance.d42613.s17.c2.sc10,PUBLIC,MAINHAND,item\objectcomponents\weapon\stave_2h_long_b_01.m2,1.225709,2.451417,0.097104,0.110051,25.245273,EXTREME_ASPECT_RATIO
210442,appearance.d42655.s13.c2.sc0,NONPUBLIC,MAINHAND,item\objectcomponents\weapon\stave_2h_scythe_c_03.m2,1.084468,1.982252,0.105771,1.019423,18.740978,EXTREME_ASPECT_RATIO
210443,appearance.d42655.s17.c2.sc6,NONPUBLIC,MAINHAND,item\objectcomponents\weapon\stave_2h_scythe_c_03.m2,1.084468,1.982252,0.105771,1.019423,18.740978,EXTREME_ASPECT_RATIO
210444,appearance.d42660.s13.c2.sc6,NONPUBLIC,MAINHAND,item\objectcomponents\weapon\stave_2h_scythe_c_03.m2,1.084468,1.982252,0.105771,1.019423,18.740978,EXTREME_ASPECT_RATIO
210462,appearance.d42751.s13.c2.sc7,PUBLIC,MAINHAND,item\objectcomponents\weapon\sword_1h_draenei_a_01.m2,0.789049,1.578098,0.072269,0.357816,21.836444,EXTREME_ASPECT_RATIO
210544,appearance.d42906.s17.c2.sc6,PUBLIC,MAINHAND,item\objectcomponents\weapon\polearm_2h_trident_c_01.m2,1.500005,2.982529,0.094913,0.497418,31.42382,EXTREME_ASPECT_RATIO
210658,appearance.d43090.s13.c2.sc7,PUBLIC,MAINHAND,item\objectcomponents\weapon\sword_1h_blood_a_03.m2,0.649566,1.292797,0.069523,0.334041,18.595242,EXTREME_ASPECT_RATIO
210732,appearance.d43202.s15.c2.sc2,PUBLIC,RANGED,item\objectcomponents\weapon\bow_1h_blood_b_01.m2,1.295058,2.109456,0.103199,0.93043,20.440663,EXTREME_ASPECT_RATIO
210738,appearance.d43210.s17.c2.sc10,PUBLIC,MAINHAND,item\objectcomponents\weapon\stave_2h_long_c_01.m2,1.177365,2.35473,0.097209,0.302856,24.223374,EXTREME_ASPECT_RATIO
210797,appearance.d43311.s17.c2.sc8,NONPUBLIC,MAINHAND,item\objectcomponents\weapon\sword_2h_blood_c_02.m2,1.050388,2.100777,0.081432,0.584475,25.79793,EXTREME_ASPECT_RATIO
210981,appearance.d43796.s17.c2.sc10,PUBLIC,MAINHAND,item\objectcomponents\weapon\stave_2h_etherial_a_01.m2,1.133337,2.266661,0.090165,0.57528,25.139034,EXTREME_ASPECT_RATIO
210988,appearance.d43811.s13.c2.sc7,NONPUBLIC,MAINHAND,item\objectcomponents\weapon\sword_1h_stratholme_d_03.m2,0.838157,1.6394,0.088517,0.349846,18.520736,EXTREME_ASPECT_RATIO
211016,appearance.d43880.s15.c2.sc2,NONPUBLIC,RANGED,item\objectcomponents\weapon\bow_1h_blood_c_01.m2,1.641628,2.678566,0.126089,1.352051,21.243455,EXTREME_ASPECT_RATIO
211052,appearance.d43948.s17.c2.sc16,NONPUBLIC,MAINHAND,item\objectcomponents\weapon\polearm_2h_trident_c_01.m2,1.500005,2.982529,0.094913,0.497418,31.42382,EXTREME_ASPECT_RATIO
211053,appearance.d43949.s17.c2.sc16,NONPUBLIC,MAINHAND,item\objectcomponents\weapon\polearm_2h_trident_c_01.m2,1.500005,2.982529,0.094913,0.497418,31.42382,EXTREME_ASPECT_RATIO
211105,appearance.d44046.s25.c2.sc16,NONPUBLIC,RANGED,item\objectcomponents\weapon\polearm_2h_trident_c_01.m2,1.500005,2.982529,0.094913,0.497418,31.42382,EXTREME_ASPECT_RATIO
211106,appearance.d44047.s25.c2.sc16,NONPUBLIC,RANGED,item\objectcomponents\weapon\polearm_2h_trident_c_01.m2,1.500005,2.982529,0.094913,0.497418,31.42382,EXTREME_ASPECT_RATIO
211179,appearance.d44213.s17.c2.sc10,NONPUBLIC,MAINHAND,item\objectcomponents\weapon\stave_2h_blood_a_02.m2,1.222557,2.442897,0.102487,0.405589,23.836165,EXTREME_ASPECT_RATIO
211235,appearance.d44339.s17.c2.sc10,PUBLIC,MAINHAND,item\objectcomponents\weapon\stave_2h_blood_a_02.m2,1.222557,2.442897,0.102487,0.405589,23.836165,EXTREME_ASPECT_RATIO
211258,appearance.d44420.s15.c2.sc2,PUBLIC,RANGED,item\objectcomponents\weapon\bow_1h_blood_a_01.m2,1.076715,1.765619,0.094876,0.571986,18.609754,EXTREME_ASPECT_RATIO
211280,appearance.d44470.s17.c2.sc1,PUBLIC,MAINHAND,item\objectcomponents\weapon\axe_2h_horde_a_03.m2,0.742956,1.442327,0.075254,0.399665,19.166117,EXTREME_ASPECT_RATIO
211296,appearance.d44530.s17.c2.sc8,PUBLIC,MAINHAND,item\objectcomponents\weapon\sword_2h_blood_b_01.m2,0.978804,1.957607,0.08181,0.527689,23.928701,EXTREME_ASPECT_RATIO
211300,appearance.d44546.s21.c2.sc7,PUBLIC,MAINHAND,item\objectcomponents\weapon\sword_1h_draenei_a_03.m2,0.571532,1.14185,0.058995,0.169881,19.35503,EXTREME_ASPECT_RATIO
211336,appearance.d44659.s15.c2.sc2,PUBLIC,RANGED,item\objectcomponents\weapon\bow_1h_standard_a_02.m2,0.837893,1.429661,0.063541,0.482314,22.499819,EXTREME_ASPECT_RATIO
211345,appearance.d44682.s15.c2.sc2,PUBLIC,RANGED,item\objectcomponents\weapon\bow_1h_blood_a_02.m2,1.195421,1.958303,0.077582,0.769975,25.241718,EXTREME_ASPECT_RATIO
211361,appearance.d44724.s15.c2.sc2,PUBLIC,RANGED,item\objectcomponents\weapon\bow_1h_blood_a_02.m2,1.195421,1.958303,0.077582,0.769975,25.241718,EXTREME_ASPECT_RATIO
211390,appearance.d44855.s17.c2.sc6,NONPUBLIC,MAINHAND,item\objectcomponents\weapon\polearm_2h_trident_b_01.m2,1.11926,2.238521,0.076089,0.435623,29.419772,EXTREME_ASPECT_RATIO
211408,appearance.d44893.s17.c2.sc8,NONPUBLIC,MAINHAND,item\objectcomponents\weapon\sword_2h_blood_b_01.m2,0.978804,1.957607,0.08181,0.527689,23.928701,EXTREME_ASPECT_RATIO
211432,appearance.d45011.s17.c2.sc6,NONPUBLIC,MAINHAND,item\objectcomponents\weapon\polearm_2h_blood_elf_d_01.m2,1.215547,2.431095,0.117883,0.383629,20.622948,EXTREME_ASPECT_RATIO
211454,appearance.d45087.s17.c2.sc10,NONPUBLIC,MAINHAND,item\objectcomponents\weapon\stave_2h_hellfire_c_01.m2,1.028619,2.056737,0.100832,0.466764,20.397661,EXTREME_ASPECT_RATIO
211619,appearance.d45568.s13.c2.sc7,NONPUBLIC,MAINHAND,item\objectcomponents\weapon\sword_1h_draenei_a_01.m2,0.789049,1.578098,0.072269,0.357816,21.836444,EXTREME_ASPECT_RATIO
211629,appearance.d45632.s17.c2.sc8,NONPUBLIC,MAINHAND,item\objectcomponents\weapon\sword_2h_draenei_a_02.m2,0.759575,1.517866,0.078843,0.239127,19.251753,EXTREME_ASPECT_RATIO
211632,appearance.d45635.s17.c2.sc8,NONPUBLIC,MAINHAND,item\objectcomponents\weapon\sword_2h_draenei_a_02.m2,0.759575,1.517866,0.078843,0.239127,19.251753,EXTREME_ASPECT_RATIO
211635,appearance.d45638.s17.c2.sc8,NONPUBLIC,MAINHAND,item\objectcomponents\weapon\sword_2h_draenei_a_02.m2,0.759575,1.517866,0.078843,0.239127,19.251753,EXTREME_ASPECT_RATIO
211637,appearance.d45640.s17.c2.sc8,NONPUBLIC,MAINHAND,item\objectcomponents\weapon\sword_2h_draenei_a_02.m2,0.759575,1.517866,0.078843,0.239127,19.251753,EXTREME_ASPECT_RATIO
211639,appearance.d45642.s17.c2.sc8,NONPUBLIC,MAINHAND,item\objectcomponents\weapon\sword_2h_draenei_a_02.m2,0.759575,1.517866,0.078843,0.239127,19.251753,EXTREME_ASPECT_RATIO
211641,appearance.d45644.s17.c2.sc8,NONPUBLIC,MAINHAND,item\objectcomponents\weapon\sword_2h_draenei_a_02.m2,0.759575,1.517866,0.078843,0.239127,19.251753,EXTREME_ASPECT_RATIO
211642,appearance.d45645.s17.c2.sc8,NONPUBLIC,MAINHAND,item\objectcomponents\weapon\sword_2h_draenei_a_02.m2,0.759575,1.517866,0.078843,0.239127,19.251753,EXTREME_ASPECT_RATIO
211645,appearance.d45648.s17.c2.sc8,NONPUBLIC,MAINHAND,item\objectcomponents\weapon\sword_2h_draenei_a_02.m2,0.759575,1.517866,0.078843,0.239127,19.251753,EXTREME_ASPECT_RATIO
211647,appearance.d45650.s17.c2.sc8,NONPUBLIC,MAINHAND,item\objectcomponents\weapon\sword_2h_draenei_a_02.m2,0.759575,1.517866,0.078843,0.239127,19.251753,EXTREME_ASPECT_RATIO
211679,appearance.d45692.s13.c2.sc7,NONPUBLIC,MAINHAND,item\objectcomponents\weapon\sword_1h_machete_b_01.m2,0.723998,1.405818,0.061774,0.346942,22.757438,EXTREME_ASPECT_RATIO
211680,appearance.d45692.s17.c2.sc8,NONPUBLIC,MAINHAND,item\objectcomponents\weapon\sword_1h_machete_b_01.m2,0.723998,1.405818,0.061774,0.346942,22.757438,EXTREME_ASPECT_RATIO
211733,appearance.d45776.s17.c2.sc8,PUBLIC,MAINHAND,item\objectcomponents\weapon\sword_2h_raid_d_04.m2,1.147039,2.294078,0.128972,0.385331,17.787411,EXTREME_ASPECT_RATIO
211734,appearance.d45777.s17.c2.sc8,NONPUBLIC,MAINHAND,item\objectcomponents\weapon\sword_2h_raid_d_04.m2,1.147039,2.294078,0.128972,0.385331,17.787411,EXTREME_ASPECT_RATIO
211804,appearance.d45887.s17.c2.sc10,NONPUBLIC,MAINHAND,item\objectcomponents\weapon\stave_2h_other_c_01.m2,1.124012,2.246688,0.133526,0.504585,16.825847,EXTREME_ASPECT_RATIO
211825,appearance.d45946.s17.c2.sc8,NONPUBLIC,MAINHAND,item\objectcomponents\weapon\sword_2h_horde_c_02.m2,0.969279,1.938548,0.117577,0.475192,16.487476,EXTREME_ASPECT_RATIO
211962,appearance.d46297.s13.c2.sc0,NONPUBLIC,MAINHAND,item\objectcomponents\weapon\stave_2h_scythe_c_03.m2,1.084468,1.982252,0.105771,1.019423,18.740978,EXTREME_ASPECT_RATIO
212034,appearance.d46602.s25.c2.sc16,NONPUBLIC,RANGED,item\objectcomponents\weapon\thrown_1h_dagger_a_01.m2,0.376499,0.745558,0.042192,0.434276,17.670601,EXTREME_ASPECT_RATIO
212084,appearance.d46661.s17.c2.sc8,PUBLIC,MAINHAND,item\objectcomponents\weapon\sword_2h_claymore_b_02.m2,0.929642,1.859284,0.084645,0.461327,21.965668,EXTREME_ASPECT_RATIO
212088,appearance.d46666.s15.c2.sc2,PUBLIC,RANGED,item\objectcomponents\weapon\bow_1h_standard_a_02.m2,0.837893,1.429661,0.063541,0.482314,22.499819,EXTREME_ASPECT_RATIO
212128,appearance.d46839.s13.c2.sc7,NONPUBLIC,MAINHAND,item\objectcomponents\weapon\sword_1h_long_a_01.m2,0.643891,1.287781,0.049659,0.291243,25.93248,EXTREME_ASPECT_RATIO
212341,appearance.d47630.s15.c2.sc2,NONPUBLIC,RANGED,item\objectcomponents\weapon\bow_1h_blood_a_01.m2,1.076715,1.765619,0.094876,0.571986,18.609754,EXTREME_ASPECT_RATIO
212342,appearance.d47631.s15.c2.sc2,NONPUBLIC,RANGED,item\objectcomponents\weapon\bow_1h_blood_a_01.m2,1.076715,1.765619,0.094876,0.571986,18.609754,EXTREME_ASPECT_RATIO
212343,appearance.d47632.s15.c2.sc2,NONPUBLIC,RANGED,item\objectcomponents\weapon\bow_1h_blood_a_01.m2,1.076715,1.765619,0.094876,0.571986,18.609754,EXTREME_ASPECT_RATIO
212344,appearance.d47633.s15.c2.sc2,NONPUBLIC,RANGED,item\objectcomponents\weapon\bow_1h_blood_a_01.m2,1.076715,1.765619,0.094876,0.571986,18.609754,EXTREME_ASPECT_RATIO
212345,appearance.d47634.s15.c2.sc2,NONPUBLIC,RANGED,item\objectcomponents\weapon\bow_1h_blood_a_01.m2,1.076715,1.765619,0.094876,0.571986,18.609754,EXTREME_ASPECT_RATIO
212346,appearance.d47636.s15.c2.sc2,NONPUBLIC,RANGED,item\objectcomponents\weapon\bow_1h_blood_b_01.m2,1.295058,2.109456,0.103199,0.93043,20.440663,EXTREME_ASPECT_RATIO
212347,appearance.d47637.s15.c2.sc2,NONPUBLIC,RANGED,item\objectcomponents\weapon\bow_1h_blood_b_01.m2,1.295058,2.109456,0.103199,0.93043,20.440663,EXTREME_ASPECT_RATIO
212348,appearance.d47638.s15.c2.sc2,NONPUBLIC,RANGED,item\objectcomponents\weapon\bow_1h_blood_b_01.m2,1.295058,2.109456,0.103199,0.93043,20.440663,EXTREME_ASPECT_RATIO
212349,appearance.d47639.s15.c2.sc2,NONPUBLIC,RANGED,item\objectcomponents\weapon\bow_1h_blood_c_01.m2,1.641628,2.678566,0.126089,1.352051,21.243455,EXTREME_ASPECT_RATIO
212350,appearance.d47640.s15.c2.sc2,NONPUBLIC,RANGED,item\objectcomponents\weapon\bow_1h_blood_c_01.m2,1.641628,2.678566,0.126089,1.352051,21.243455,EXTREME_ASPECT_RATIO
212351,appearance.d47641.s15.c2.sc2,NONPUBLIC,RANGED,item\objectcomponents\weapon\bow_1h_blood_c_01.m2,1.641628,2.678566,0.126089,1.352051,21.243455,EXTREME_ASPECT_RATIO
212352,appearance.d47642.s15.c2.sc2,NONPUBLIC,RANGED,item\objectcomponents\weapon\bow_1h_blood_c_01.m2,1.641628,2.678566,0.126089,1.352051,21.243455,EXTREME_ASPECT_RATIO
212358,appearance.d47648.s13.c2.sc7,NONPUBLIC,MAINHAND,item\objectcomponents\weapon\sword_1h_blood_a_03.m2,0.649566,1.292797,0.069523,0.334041,18.595242,EXTREME_ASPECT_RATIO
212359,appearance.d47649.s13.c2.sc7,NONPUBLIC,MAINHAND,item\objectcomponents\weapon\sword_1h_blood_a_03.m2,0.649566,1.292797,0.069523,0.334041,18.595242,EXTREME_ASPECT_RATIO
212360,appearance.d47650.s13.c2.sc7,NONPUBLIC,MAINHAND,item\objectcomponents\weapon\sword_1h_blood_a_03.m2,0.649566,1.292797,0.069523,0.334041,18.595242,EXTREME_ASPECT_RATIO
212361,appearance.d47652.s13.c2.sc7,NONPUBLIC,MAINHAND,item\objectcomponents\weapon\sword_1h_blood_a_03.m2,0.649566,1.292797,0.069523,0.334041,18.595242,EXTREME_ASPECT_RATIO
212365,appearance.d47656.s17.c2.sc8,NONPUBLIC,MAINHAND,item\objectcomponents\weapon\sword_2h_blood_a_02.m2,0.911804,1.804491,0.091809,0.270041,19.654838,EXTREME_ASPECT_RATIO
212366,appearance.d47657.s17.c2.sc8,NONPUBLIC,MAINHAND,item\objectcomponents\weapon\sword_2h_blood_a_02.m2,0.911804,1.804491,0.091809,0.270041,19.654838,EXTREME_ASPECT_RATIO
212367,appearance.d47658.s17.c2.sc8,NONPUBLIC,MAINHAND,item\objectcomponents\weapon\sword_2h_blood_a_02.m2,0.911804,1.804491,0.091809,0.270041,19.654838,EXTREME_ASPECT_RATIO
212368,appearance.d47659.s17.c2.sc8,NONPUBLIC,MAINHAND,item\objectcomponents\weapon\sword_2h_blood_a_02.m2,0.911804,1.804491,0.091809,0.270041,19.654838,EXTREME_ASPECT_RATIO
212369,appearance.d47660.s17.c2.sc8,NONPUBLIC,MAINHAND,item\objectcomponents\weapon\sword_2h_blood_b_01.m2,0.978804,1.957607,0.08181,0.527689,23.928701,EXTREME_ASPECT_RATIO
212370,appearance.d47661.s17.c2.sc8,NONPUBLIC,MAINHAND,item\objectcomponents\weapon\sword_2h_blood_b_01.m2,0.978804,1.957607,0.08181,0.527689,23.928701,EXTREME_ASPECT_RATIO
212371,appearance.d47662.s17.c2.sc8,NONPUBLIC,MAINHAND,item\objectcomponents\weapon\sword_2h_blood_b_01.m2,0.978804,1.957607,0.08181,0.527689,23.928701,EXTREME_ASPECT_RATIO
212372,appearance.d47663.s17.c2.sc8,NONPUBLIC,MAINHAND,item\objectcomponents\weapon\sword_2h_blood_b_02.m2,1.088389,2.176778,0.112972,0.514856,19.268297,EXTREME_ASPECT_RATIO
212373,appearance.d47664.s17.c2.sc8,NONPUBLIC,MAINHAND,item\objectcomponents\weapon\sword_2h_blood_b_02.m2,1.088389,2.176778,0.112972,0.514856,19.268297,EXTREME_ASPECT_RATIO
212374,appearance.d47665.s17.c2.sc8,NONPUBLIC,MAINHAND,item\objectcomponents\weapon\sword_2h_blood_b_02.m2,1.088389,2.176778,0.112972,0.514856,19.268297,EXTREME_ASPECT_RATIO
212375,appearance.d47666.s17.c2.sc8,NONPUBLIC,MAINHAND,item\objectcomponents\weapon\sword_2h_blood_b_02.m2,1.088389,2.176778,0.112972,0.514856,19.268297,EXTREME_ASPECT_RATIO
212376,appearance.d47667.s17.c2.sc8,NONPUBLIC,MAINHAND,item\objectcomponents\weapon\sword_2h_blood_c_01.m2,1.073282,2.146289,0.079417,0.634237,27.025561,EXTREME_ASPECT_RATIO
212377,appearance.d47668.s17.c2.sc8,NONPUBLIC,MAINHAND,item\objectcomponents\weapon\sword_2h_blood_c_01.m2,1.073282,2.146289,0.079417,0.634237,27.025561,EXTREME_ASPECT_RATIO
212378,appearance.d47669.s17.c2.sc8,NONPUBLIC,MAINHAND,item\objectcomponents\weapon\sword_2h_blood_c_01.m2,1.073282,2.146289,0.079417,0.634237,27.025561,EXTREME_ASPECT_RATIO
212379,appearance.d47670.s17.c2.sc8,NONPUBLIC,MAINHAND,item\objectcomponents\weapon\sword_2h_blood_c_01.m2,1.073282,2.146289,0.079417,0.634237,27.025561,EXTREME_ASPECT_RATIO
212380,appearance.d47671.s17.c2.sc8,NONPUBLIC,MAINHAND,item\objectcomponents\weapon\sword_2h_blood_c_02.m2,1.050388,2.100777,0.081432,0.584475,25.79793,EXTREME_ASPECT_RATIO
212381,appearance.d47672.s17.c2.sc8,NONPUBLIC,MAINHAND,item\objectcomponents\weapon\sword_2h_blood_c_02.m2,1.050388,2.100777,0.081432,0.584475,25.79793,EXTREME_ASPECT_RATIO
212382,appearance.d47673.s17.c2.sc8,NONPUBLIC,MAINHAND,item\objectcomponents\weapon\sword_2h_blood_c_02.m2,1.050388,2.100777,0.081432,0.584475,25.79793,EXTREME_ASPECT_RATIO
212383,appearance.d47674.s17.c2.sc8,NONPUBLIC,MAINHAND,item\objectcomponents\weapon\sword_2h_blood_c_03.m2,1.066235,2.13247,0.072838,0.442671,29.276888,EXTREME_ASPECT_RATIO
212384,appearance.d47675.s17.c2.sc8,NONPUBLIC,MAINHAND,item\objectcomponents\weapon\sword_2h_blood_c_03.m2,1.066235,2.13247,0.072838,0.442671,29.276888,EXTREME_ASPECT_RATIO
212385,appearance.d47676.s17.c2.sc8,NONPUBLIC,MAINHAND,item\objectcomponents\weapon\sword_2h_blood_c_03.m2,1.066235,2.13247,0.072838,0.442671,29.276888,EXTREME_ASPECT_RATIO
212396,appearance.d47687.s13.c2.sc7,NONPUBLIC,MAINHAND,item\objectcomponents\weapon\sword_1h_draenei_b_01.m2,0.735885,1.47177,0.079035,0.364481,18.62175,EXTREME_ASPECT_RATIO
212426,appearance.d47802.s13.c2.sc7,NONPUBLIC,MAINHAND,item\objectcomponents\weapon\sword_1h_blood_a_03.m2,0.649566,1.292797,0.069523,0.334041,18.595242,EXTREME_ASPECT_RATIO
212445,appearance.d47879.s13.c2.sc7,NONPUBLIC,MAINHAND,item\objectcomponents\weapon\sword_1h_draenei_b_01.m2,0.735885,1.47177,0.079035,0.364481,18.62175,EXTREME_ASPECT_RATIO
212458,appearance.d47933.s25.c2.sc16,PUBLIC,RANGED,item\objectcomponents\weapon\thrown_1h_dagger_a_01.m2,0.376499,0.745558,0.042192,0.434276,17.670601,EXTREME_ASPECT_RATIO
212500,appearance.d48035.s25.c2.sc16,PUBLIC,RANGED,item\objectcomponents\weapon\thrown_1h_sunwell_d_01.m2,0.299999,0.594245,0.025594,0.594245,23.218137,EXTREME_ASPECT_RATIO
212518,appearance.d48061.s21.c2.sc7,PUBLIC,MAINHAND,item\objectcomponents\weapon\sword_1h_blood_a_03.m2,0.649566,1.292797,0.069523,0.334041,18.595242,EXTREME_ASPECT_RATIO
212542,appearance.d48170.s17.c2.sc10,PUBLIC,MAINHAND,item\objectcomponents\weapon\stave_2h_etherial_a_01.m2,1.133337,2.266661,0.090165,0.57528,25.139034,EXTREME_ASPECT_RATIO
212550,appearance.d48199.s13.c2.sc7,NONPUBLIC,MAINHAND,item\objectcomponents\weapon\sword_1h_draenei_b_01.m2,0.735885,1.47177,0.079035,0.364481,18.62175,EXTREME_ASPECT_RATIO
212794,appearance.d48884.s13.c2.sc7,NONPUBLIC,MAINHAND,item\objectcomponents\weapon\sword_2h_blood_c_02.m2,1.050388,2.100777,0.081432,0.584475,25.79793,EXTREME_ASPECT_RATIO
212795,appearance.d48884.s21.c2.sc8,NONPUBLIC,MAINHAND,item\objectcomponents\weapon\sword_2h_blood_c_02.m2,1.050388,2.100777,0.081432,0.584475,25.79793,EXTREME_ASPECT_RATIO
212796,appearance.d48884.s22.c2.sc8,NONPUBLIC,OFFHAND_WEAPON,item\objectcomponents\weapon\sword_2h_blood_c_02.m2,1.050388,2.100777,0.081432,0.584475,25.79793,EXTREME_ASPECT_RATIO
212822,appearance.d48935.s17.c2.sc10,PUBLIC,MAINHAND,item\objectcomponents\weapon\stave_2h_sunwell_c_01.m2,1.194765,2.38953,0.106314,0.44505,22.476156,EXTREME_ASPECT_RATIO
212828,appearance.d48983.s17.c2.sc8,NONPUBLIC,MAINHAND,item\objectcomponents\weapon\sword_2h_blood_c_03.m2,1.066235,2.13247,0.072838,0.442671,29.276888,EXTREME_ASPECT_RATIO
212917,appearance.d49311.s17.c2.sc6,NONPUBLIC,MAINHAND,item\objectcomponents\weapon\polearm_2h_bladed_b_02.m2,1.12959,2.25918,0.076089,0.193408,29.691283,EXTREME_ASPECT_RATIO
212954,appearance.d49548.s13.c2.sc7,NONPUBLIC,MAINHAND,item\objectcomponents\weapon\sword_1h_sabre_b_02.m2,0.663483,1.296368,0.073742,0.283322,17.579778,EXTREME_ASPECT_RATIO
212957,appearance.d49616.s17.c2.sc8,NONPUBLIC,MAINHAND,item\objectcomponents\weapon\sword_2h_horde_c_02.m2,0.969279,1.938548,0.117577,0.475192,16.487476,EXTREME_ASPECT_RATIO
212967,appearance.d49691.s17.c2.sc8,NONPUBLIC,MAINHAND,item\objectcomponents\weapon\sword_2h_northrend_d_03.m2,1.398352,2.796705,0.173672,0.517653,16.103373,EXTREME_ASPECT_RATIO
212973,appearance.d49742.s17.c2.sc8,PUBLIC,MAINHAND,item\objectcomponents\weapon\sword_2h_bastard_d_01.m2,0.958051,1.916102,0.099107,0.589121,19.33367,EXTREME_ASPECT_RATIO
212974,appearance.d49745.s17.c2.sc8,NONPUBLIC,MAINHAND,item\objectcomponents\weapon\sword_2h_northrend_d_03.m2,1.398352,2.796705,0.173672,0.517653,16.103373,EXTREME_ASPECT_RATIO
212984,appearance.d49801.s17.c2.sc6,PUBLIC,MAINHAND,item\objectcomponents\weapon\polearm_2h_trident_c_01.m2,1.500005,2.982529,0.094913,0.497418,31.42382,EXTREME_ASPECT_RATIO
213011,appearance.d49892.s17.c2.sc8,NONPUBLIC,MAINHAND,item\objectcomponents\weapon\sword_2h_claymore_b_02.m2,0.929642,1.859284,0.084645,0.461327,21.965668,EXTREME_ASPECT_RATIO
213012,appearance.d49893.s17.c2.sc8,NONPUBLIC,MAINHAND,item\objectcomponents\weapon\sword_2h_claymore_b_02.m2,0.929642,1.859284,0.084645,0.461327,21.965668,EXTREME_ASPECT_RATIO
213214,appearance.d50262.s13.c2.sc7,PUBLIC,MAINHAND,item\objectcomponents\weapon\sword_1h_northrend_b_01.m2,0.542291,1.084531,0.058913,0.234643,18.409027,EXTREME_ASPECT_RATIO
213218,appearance.d50266.s13.c2.sc7,PUBLIC,MAINHAND,item\objectcomponents\weapon\sword_1h_northrend_b_01.m2,0.542291,1.084531,0.058913,0.234643,18.409027,EXTREME_ASPECT_RATIO
213222,appearance.d50270.s13.c2.sc7,PUBLIC,MAINHAND,item\objectcomponents\weapon\sword_1h_northrend_b_01.m2,0.542291,1.084531,0.058913,0.234643,18.409027,EXTREME_ASPECT_RATIO
213255,appearance.d50348.s17.c2.sc6,PUBLIC,MAINHAND,item\objectcomponents\weapon\polearm_2h_northrend_b_02.m2,1.056871,2.113742,0.052019,0.225905,40.634038,EXTREME_ASPECT_RATIO
213256,appearance.d50349.s17.c2.sc6,NONPUBLIC,MAINHAND,item\objectcomponents\weapon\polearm_2h_northrend_b_02.m2,1.056871,2.113742,0.052019,0.225905,40.634038,EXTREME_ASPECT_RATIO
213260,appearance.d50353.s17.c2.sc6,PUBLIC,MAINHAND,item\objectcomponents\weapon\polearm_2h_trident_b_01.m2,1.11926,2.238521,0.076089,0.435623,29.419772,EXTREME_ASPECT_RATIO
213261,appearance.d50354.s17.c2.sc6,PUBLIC,MAINHAND,item\objectcomponents\weapon\polearm_2h_northrend_b_02.m2,1.056871,2.113742,0.052019,0.225905,40.634038,EXTREME_ASPECT_RATIO
213264,appearance.d50357.s17.c2.sc6,PUBLIC,MAINHAND,item\objectcomponents\weapon\polearm_2h_northrend_b_02.m2,1.056871,2.113742,0.052019,0.225905,40.634038,EXTREME_ASPECT_RATIO
213301,appearance.d50542.s25.c2.sc16,NONPUBLIC,RANGED,item\objectcomponents\weapon\polearm_2h_bladed_a_01.m2,1.1031,2.206199,0.121614,0.275417,18.140995,EXTREME_ASPECT_RATIO
213313,appearance.d50591.s17.c2.sc6,NONPUBLIC,MAINHAND,item\objectcomponents\weapon\polearm_2h_bladed_c_01.m2,1.09197,2.183686,0.082967,0.162036,26.319934,EXTREME_ASPECT_RATIO
213314,appearance.d50592.s17.c2.sc6,NONPUBLIC,MAINHAND,item\objectcomponents\weapon\polearm_2h_bladed_c_01.m2,1.09197,2.183686,0.082967,0.162036,26.319934,EXTREME_ASPECT_RATIO
213329,appearance.d50656.s17.c2.sc8,NONPUBLIC,MAINHAND,item\objectcomponents\weapon\sword_2h_deathknight_b_01.m2,1.03214,2.063338,0.109393,0.817665,18.8617,EXTREME_ASPECT_RATIO
213337,appearance.d50716.s17.c2.sc6,NONPUBLIC,MAINHAND,item\objectcomponents\weapon\polearm_2h_epic_d_02.m2,1.460078,2.890866,0.178855,0.444355,16.163182,EXTREME_ASPECT_RATIO
213551,appearance.d51268.s13.c2.sc7,PUBLIC,MAINHAND,item\objectcomponents\weapon\sword_1h_northrend_b_01.m2,0.542291,1.084531,0.058913,0.234643,18.409027,EXTREME_ASPECT_RATIO
213636,appearance.d51402.s13.c2.sc7,PUBLIC,MAINHAND,item\objectcomponents\weapon\sword_1h_northrend_b_01.m2,0.542291,1.084531,0.058913,0.234643,18.409027,EXTREME_ASPECT_RATIO
213638,appearance.d51405.s17.c2.sc8,NONPUBLIC,MAINHAND,item\objectcomponents\weapon\sword_2h_claymore_b_02.m2,0.929642,1.859284,0.084645,0.461327,21.965668,EXTREME_ASPECT_RATIO
213644,appearance.d51427.s17.c2.sc8,PUBLIC,MAINHAND,item\objectcomponents\weapon\sword_2h_bastard_d_01.m2,0.958051,1.916102,0.099107,0.589121,19.33367,EXTREME_ASPECT_RATIO
213648,appearance.d51451.s13.c2.sc7,NONPUBLIC,MAINHAND,item\objectcomponents\weapon\sword_1h_long_a_02.m2,0.60358,1.207161,0.069523,0.275063,17.363477,EXTREME_ASPECT_RATIO
213698,appearance.d51579.s25.c2.sc6,NONPUBLIC,RANGED,item\objectcomponents\weapon\polearm_2h_bladed_a_01.m2,1.1031,2.206199,0.121614,0.275417,18.140995,EXTREME_ASPECT_RATIO
213808,appearance.d51801.s15.c2.sc2,PUBLIC,RANGED,item\objectcomponents\weapon\bow_1h_blood_a_01.m2,1.076715,1.765619,0.094876,0.571986,18.609754,EXTREME_ASPECT_RATIO
213876,appearance.d51910.s25.c2.sc16,PUBLIC,RANGED,item\objectcomponents\weapon\thrown_1h_sunwell_d_01.m2,0.299999,0.594245,0.025594,0.594245,23.218137,EXTREME_ASPECT_RATIO
213900,appearance.d51969.s13.c2.sc7,NONPUBLIC,MAINHAND,item\objectcomponents\weapon\sword_1h_pvpalliance_a_01.m2,1.017563,2.035127,0.121281,0.546679,16.780262,EXTREME_ASPECT_RATIO
213903,appearance.d51980.s13.c2.sc7,NONPUBLIC,MAINHAND,item\objectcomponents\weapon\sword_1h_long_b_01.m2,0.705841,1.411683,0.063618,0.413965,22.189993,EXTREME_ASPECT_RATIO
214029,appearance.d52251.s25.c2.sc0,NONPUBLIC,RANGED,item\objectcomponents\weapon\polearm_2h_bladed_a_02.m2,1.096531,2.193062,0.081019,0.275417,27.06849,EXTREME_ASPECT_RATIO
214030,appearance.d52252.s26.c2.sc2,NONPUBLIC,RANGED,item\objectcomponents\weapon\polearm_2h_bladed_a_02.m2,1.096531,2.193062,0.081019,0.275417,27.06849,EXTREME_ASPECT_RATIO
214031,appearance.d52254.s17.c2.sc6,PUBLIC,MAINHAND,item\objectcomponents\weapon\polearm_2h_bladed_a_01.m2,1.1031,2.206199,0.121614,0.275417,18.140995,EXTREME_ASPECT_RATIO
214032,appearance.d52256.s25.c2.sc16,PUBLIC,RANGED,item\objectcomponents\weapon\polearm_2h_bladed_a_02.m2,1.096531,2.193062,0.081019,0.275417,27.06849,EXTREME_ASPECT_RATIO
214035,appearance.d52261.s17.c2.sc8,PUBLIC,MAINHAND,item\objectcomponents\weapon\sword_2h_deathknight_b_01.m2,1.03214,2.063338,0.109393,0.817665,18.8617,EXTREME_ASPECT_RATIO
214214,appearance.d52542.s17.c2.sc8,NONPUBLIC,MAINHAND,item\objectcomponents\weapon\sword_2h_blood_b_02.m2,1.088389,2.176778,0.112972,0.514856,19.268297,EXTREME_ASPECT_RATIO
214217,appearance.d52556.s17.c2.sc6,NONPUBLIC,MAINHAND,item\objectcomponents\weapon\polearm_2h_epic_d_02.m2,1.460078,2.890866,0.178855,0.444355,16.163182,EXTREME_ASPECT_RATIO
214262,appearance.d52706.s17.c2.sc6,NONPUBLIC,MAINHAND,item\objectcomponents\weapon\polearm_2h_bladed_c_01.m2,1.09197,2.183686,0.082967,0.162036,26.319934,EXTREME_ASPECT_RATIO
214274,appearance.d52784.s13.c2.sc7,PUBLIC,MAINHAND,item\objectcomponents\weapon\sword_1h_long_d_03.m2,1.009397,1.994089,0.093242,0.55384,21.386167,EXTREME_ASPECT_RATIO
214309,appearance.d52968.s17.c2.sc8,NONPUBLIC,MAINHAND,item\objectcomponents\weapon\sword_2h_deathknight_b_01.m2,1.03214,2.063338,0.109393,0.817665,18.8617,EXTREME_ASPECT_RATIO
214330,appearance.d53022.s17.c2.sc8,NONPUBLIC,MAINHAND,item\objectcomponents\weapon\sword_2h_deathknight_b_01.m2,1.03214,2.063338,0.109393,0.817665,18.8617,EXTREME_ASPECT_RATIO
214331,appearance.d53023.s17.c2.sc8,NONPUBLIC,MAINHAND,item\objectcomponents\weapon\sword_2h_deathknight_b_01.m2,1.03214,2.063338,0.109393,0.817665,18.8617,EXTREME_ASPECT_RATIO
214360,appearance.d53115.s17.c2.sc6,NONPUBLIC,MAINHAND,item\objectcomponents\weapon\polearm_2h_northrend_d_02.m2,1.544865,3.08973,0.050143,0.437118,61.618371,EXTREME_ASPECT_RATIO
214424,appearance.d53362.s13.c2.sc15,NONPUBLIC,MAINHAND,item\objectcomponents\weapon\knife_1h_stratholme_d_02.m2,0.438364,0.875617,0.04284,0.262613,20.439239,EXTREME_ASPECT_RATIO
214452,appearance.d53483.s17.c2.sc8,NONPUBLIC,MAINHAND,item\objectcomponents\weapon\sword_2h_deathknight_b_01.m2,1.03214,2.063338,0.109393,0.817665,18.8617,EXTREME_ASPECT_RATIO
214453,appearance.d53484.s17.c2.sc8,NONPUBLIC,MAINHAND,item\objectcomponents\weapon\sword_2h_deathknight_b_01.m2,1.03214,2.063338,0.109393,0.817665,18.8617,EXTREME_ASPECT_RATIO
214460,appearance.d53553.s17.c2.sc8,NONPUBLIC,MAINHAND,item\objectcomponents\weapon\sword_2h_blood_b_02.m2,1.088389,2.176778,0.112972,0.514856,19.268297,EXTREME_ASPECT_RATIO
214551,appearance.d53844.s21.c2.sc7,PUBLIC,MAINHAND,item\objectcomponents\weapon\sword_1h_stratholme_d_03.m2,0.838157,1.6394,0.088517,0.349846,18.520736,EXTREME_ASPECT_RATIO
214612,appearance.d54036.s21.c2.sc15,PUBLIC,MAINHAND,item\objectcomponents\weapon\knife_1h_stratholme_d_02.m2,0.438364,0.875617,0.04284,0.262613,20.439239,EXTREME_ASPECT_RATIO
214613,appearance.d54038.s21.c2.sc15,PUBLIC,MAINHAND,item\objectcomponents\weapon\knife_1h_stratholme_d_03.m2,0.465173,0.930346,0.039471,0.291785,23.570368,EXTREME_ASPECT_RATIO
214728,appearance.d54421.s17.c2.sc10,NONPUBLIC,MAINHAND,item\objectcomponents\weapon\stave_2h_blood_a_01.m2,1.201437,2.392849,0.105193,0.329812,22.747227,EXTREME_ASPECT_RATIO
214756,appearance.d54463.s21.c2.sc15,PUBLIC,MAINHAND,item\objectcomponents\weapon\knife_1h_cotstrat_d_02.m2,0.52254,1.041975,0.043796,0.218148,23.791556,EXTREME_ASPECT_RATIO
214758,appearance.d54465.s25.c2.sc16,PUBLIC,RANGED,item\objectcomponents\weapon\thrown_1h_sunwell_d_01.m2,0.299999,0.594245,0.025594,0.594245,23.218137,EXTREME_ASPECT_RATIO
214786,appearance.d54560.s17.c2.sc8,PUBLIC,MAINHAND,item\objectcomponents\weapon\sword_2h_northrend_d_03.m2,1.398352,2.796705,0.173672,0.517653,16.103373,EXTREME_ASPECT_RATIO
214960,appearance.d55017.s17.c2.sc6,PUBLIC,MAINHAND,item\objectcomponents\weapon\polearm_2h_northrend_c_04.m2,1.189973,2.379946,0.050143,0.341666,47.463175,EXTREME_ASPECT_RATIO
214963,appearance.d55034.s17.c2.sc8,NONPUBLIC,MAINHAND,item\objectcomponents\weapon\sword_2h_northrend_d_03.m2,1.398352,2.796705,0.173672,0.517653,16.103373,EXTREME_ASPECT_RATIO
214975,appearance.d55059.s17.c2.sc10,NONPUBLIC,MAINHAND,item\objectcomponents\weapon\stave_2h_blood_a_02.m2,1.222557,2.442897,0.102487,0.405589,23.836165,EXTREME_ASPECT_RATIO
215023,appearance.d55276.s17.c2.sc8,NONPUBLIC,MAINHAND,item\objectcomponents\weapon\sword_2h_deathknight_b_01.m2,1.03214,2.063338,0.109393,0.817665,18.8617,EXTREME_ASPECT_RATIO
215031,appearance.d55309.s21.c2.sc7,NONPUBLIC,MAINHAND,item\objectcomponents\weapon\sword_1h_northrend_b_01.m2,0.542291,1.084531,0.058913,0.234643,18.409027,EXTREME_ASPECT_RATIO
215162,appearance.d55715.s13.c2.sc15,PUBLIC,MAINHAND,item\objectcomponents\weapon\knife_1h_stratholme_d_03.m2,0.465173,0.930346,0.039471,0.291785,23.570368,EXTREME_ASPECT_RATIO
215199,appearance.d55796.s13.c2.sc7,NONPUBLIC,MAINHAND,item\objectcomponents\weapon\sword_1h_stratholme_d_03.m2,0.838157,1.6394,0.088517,0.349846,18.520736,EXTREME_ASPECT_RATIO
215309,appearance.d55965.s17.c2.sc6,PUBLIC,MAINHAND,item\objectcomponents\weapon\polearm_2h_pvp_c_01.m2,1.303743,2.606844,0.100368,0.538389,25.97286,EXTREME_ASPECT_RATIO
215310,appearance.d55966.s17.c2.sc6,NONPUBLIC,MAINHAND,item\objectcomponents\weapon\polearm_2h_pvp_c_01.m2,1.303743,2.606844,0.100368,0.538389,25.97286,EXTREME_ASPECT_RATIO
215359,appearance.d56086.s17.c2.sc1,PUBLIC,MAINHAND,item\objectcomponents\weapon\axe_2h_horde_a_03.m2,0.742956,1.442327,0.075254,0.399665,19.166117,EXTREME_ASPECT_RATIO
215531,appearance.d56412.s17.c2.sc6,PUBLIC,MAINHAND,item\objectcomponents\weapon\polearm_2h_pvp_c_01.m2,1.303743,2.606844,0.100368,0.538389,25.97286,EXTREME_ASPECT_RATIO
215749,appearance.d56902.s17.c2.sc8,PUBLIC,MAINHAND,item\objectcomponents\weapon\sword_2h_broadsword_a_01.m2,0.897979,1.795958,0.101721,0.225879,17.655725,EXTREME_ASPECT_RATIO
215750,appearance.d56903.s13.c2.sc7,PUBLIC,MAINHAND,item\objectcomponents\weapon\sword_1h_draenei_a_01.m2,0.789049,1.578098,0.072269,0.357816,21.836444,EXTREME_ASPECT_RATIO
215751,appearance.d56904.s15.c2.sc2,PUBLIC,RANGED,item\objectcomponents\weapon\bow_1h_standard_b_02.m2,1.187731,1.958303,0.068972,0.763025,28.392725,EXTREME_ASPECT_RATIO
215863,appearance.d57090.s13.c2.sc7,NONPUBLIC,MAINHAND,item\objectcomponents\weapon\sword_1h_long_d_03.m2,1.009397,1.994089,0.093242,0.55384,21.386167,EXTREME_ASPECT_RATIO
215917,appearance.d57482.s17.c2.sc6,PUBLIC,MAINHAND,item\objectcomponents\weapon\misc_2h_harpoon_b_01.m2,1.14059,2.281167,0.085418,0.216081,26.705928,EXTREME_ASPECT_RATIO
215960,appearance.d57734.s17.c2.sc10,PUBLIC,MAINHAND,item\objectcomponents\weapon\stave_2h_jeweled_a_01.m2,1.040729,2.081457,0.110537,0.124912,18.83041,EXTREME_ASPECT_RATIO
215974,appearance.d58123.s17.c2.sc6,NONPUBLIC,MAINHAND,item\objectcomponents\weapon\polearm_2h_bladed_b_02.m2,1.12959,2.25918,0.076089,0.193408,29.691283,EXTREME_ASPECT_RATIO
215978,appearance.d58186.s17.c2.sc14,NONPUBLIC,MAINHAND,item\objectcomponents\weapon\sword_2h_foam_a_01.m2,0.97847,1.956935,0.069136,0.397003,28.305586,EXTREME_ASPECT_RATIO
215979,appearance.d58187.s17.c2.sc14,NONPUBLIC,MAINHAND,item\objectcomponents\weapon\sword_2h_foam_a_01.m2,0.97847,1.956935,0.069136,0.397003,28.305586,EXTREME_ASPECT_RATIO
215980,appearance.d58188.s17.c2.sc14,NONPUBLIC,MAINHAND,item\objectcomponents\weapon\sword_2h_foam_a_01.m2,0.97847,1.956935,0.069136,0.397003,28.305586,EXTREME_ASPECT_RATIO
215981,appearance.d58189.s17.c2.sc14,NONPUBLIC,MAINHAND,item\objectcomponents\weapon\sword_2h_foam_a_01.m2,0.97847,1.956935,0.069136,0.397003,28.305586,EXTREME_ASPECT_RATIO
215982,appearance.d58190.s17.c2.sc14,NONPUBLIC,MAINHAND,item\objectcomponents\weapon\sword_2h_foam_a_01.m2,0.97847,1.956935,0.069136,0.397003,28.305586,EXTREME_ASPECT_RATIO
216077,appearance.d58520.s21.c2.sc14,NONPUBLIC,MAINHAND,item\objectcomponents\weapon\polearm_2h_northrend_d_02.m2,1.544865,3.08973,0.050143,0.437118,61.618371,EXTREME_ASPECT_RATIO
216078,appearance.d58520.s21.c2.sc15,NONPUBLIC,MAINHAND,item\objectcomponents\weapon\polearm_2h_northrend_d_02.m2,1.544865,3.08973,0.050143,0.437118,61.618371,EXTREME_ASPECT_RATIO
216079,appearance.d58521.s21.c2.sc15,NONPUBLIC,MAINHAND,item\objectcomponents\weapon\sword_2h_deathknight_b_01.m2,1.03214,2.063338,0.109393,0.817665,18.8617,EXTREME_ASPECT_RATIO
216092,appearance.d58588.s17.c2.sc14,PUBLIC,MAINHAND,item\objectcomponents\weapon\stave_2h_jeweled_a_01.m2,1.040729,2.081457,0.110537,0.124912,18.83041,EXTREME_ASPECT_RATIO
216250,appearance.d58963.s17.c2.sc6,PUBLIC,MAINHAND,item\objectcomponents\weapon\polearm_2h_pvp_c_01.m2,1.303743,2.606844,0.100368,0.538389,25.97286,EXTREME_ASPECT_RATIO
216481,appearance.d59445.s21.c2.sc14,NONPUBLIC,MAINHAND,item\objectcomponents\weapon\sword_2h_deathknight_b_01.m2,1.03214,2.063338,0.109393,0.817665,18.8617,EXTREME_ASPECT_RATIO
216672,appearance.d59924.s17.c2.sc8,NONPUBLIC,MAINHAND,item\objectcomponents\weapon\sword_2h_claymore_b_02.m2,0.929642,1.859284,0.084645,0.461327,21.965668,EXTREME_ASPECT_RATIO
216798,appearance.d60619.s17.c2.sc6,PUBLIC,MAINHAND,item\objectcomponents\weapon\polearm_2h_pvealliance_d_01.m2,1.145059,2.246372,0.11284,0.747478,19.907586,EXTREME_ASPECT_RATIO
216818,appearance.d60657.s17.c2.sc6,PUBLIC,MAINHAND,item\objectcomponents\weapon\polearm_2h_pvealliance_d_01.m2,1.145059,2.246372,0.11284,0.747478,19.907586,EXTREME_ASPECT_RATIO
217325,appearance.d62366.s17.c2.sc6,NONPUBLIC,MAINHAND,item\objectcomponents\weapon\polearm_2h_epic_d_02.m2,1.460078,2.890866,0.178855,0.444355,16.163182,EXTREME_ASPECT_RATIO
217338,appearance.d62906.s17.c2.sc6,NONPUBLIC,MAINHAND,item\objectcomponents\weapon\stave_2h_other_c_03.m2,1.084468,1.982252,0.105771,1.019423,18.740978,EXTREME_ASPECT_RATIO
217344,appearance.d62943.s13.c2.sc7,NONPUBLIC,MAINHAND,item\objectcomponents\weapon\sword_1h_northrend_b_01.m2,0.542291,1.084531,0.058913,0.234643,18.409027,EXTREME_ASPECT_RATIO
217348,appearance.d62970.s21.c2.sc7,PUBLIC,MAINHAND,item\objectcomponents\weapon\sword_1h_long_b_01alt.m2,0.705841,1.411683,0.063618,0.413965,22.189993,EXTREME_ASPECT_RATIO
217353,appearance.d62977.s17.c2.sc6,PUBLIC,MAINHAND,item\objectcomponents\weapon\polearm_2h_trident_c_01alt.m2,1.5,2.982529,0.154975,0.595923,19.245227,EXTREME_ASPECT_RATIO
217381,appearance.d63370.s17.c2.sc8,PUBLIC,MAINHAND,item\objectcomponents\weapon\sword_2h_claymore_b_01.m2,0.935075,1.87015,0.065926,0.359245,28.367412,EXTREME_ASPECT_RATIO
217387,appearance.d63421.s15.c2.sc2,NONPUBLIC,RANGED,item\objectcomponents\weapon\bow_1h_short_a_01.m2,1.068146,1.765619,0.094876,0.576256,18.609754,EXTREME_ASPECT_RATIO
217391,appearance.d63467.s17.c2.sc8,NONPUBLIC,MAINHAND,item\objectcomponents\weapon\sword_2h_deathknight_b_01.m2,1.03214,2.063338,0.109393,0.817665,18.8617,EXTREME_ASPECT_RATIO
217481,appearance.d64030.s17.c2.sc8,NONPUBLIC,MAINHAND,item\objectcomponents\weapon\sword_2h_ashbringer.m2,1.414883,2.219906,0.08188,1.468238,27.1117,EXTREME_ASPECT_RATIO
217626,appearance.d64415.s14.c4.sc6,PUBLIC,SHIELD,item\objectcomponents\shield\shield_icecrownraid_d_04.m2,10.84626,1.765426,1.714387,21.234914,12.386301,OVERSIZED_RADIUS
217628,appearance.d64417.s14.c4.sc6,PUBLIC,SHIELD,item\objectcomponents\shield\shield_icecrownraid_d_04.m2,10.84626,1.765426,1.714387,21.234914,12.386301,OVERSIZED_RADIUS
217860,appearance.d64750.s17.c2.sc8,PUBLIC,MAINHAND,item\objectcomponents\weapon\sword_2h_nexus_d_01.m2,0.80233,1.602951,0.085049,0.39856,18.847382,EXTREME_ASPECT_RATIO
217942,appearance.d64879.s17.c2.sc1,PUBLIC,MAINHAND,item\objectcomponents\weapon\axe_2h_icecrownraid_d_02.m2,10.670222,2.073828,1.428594,20.724593,14.506986,OVERSIZED_RADIUS
218179,appearance.d66550.s13.c2.sc7,NONPUBLIC,MAINHAND,item\objectcomponents\weapon\glave_1h_dualblade_c_01.m2,1.051915,2.057242,0.086785,0.440289,23.705041,EXTREME_ASPECT_RATIO
